run_id,fold,validauc,validacc,timestamp,best_epoch,model_save_path
s6zjf4wv,0,N/A,N/A,N/A,N/A,N/A
u82y40l2,4,N/A,N/A,N/A,N/A,N/A
wlcp4zh2,2,N/A,N/A,N/A,N/A,N/A
k4r71tn8,3,N/A,N/A,N/A,N/A,N/A
fggswu8b,0,0.9159526808825564,0.8611242783348526,1742179777.2357097,47,models/dkt_DKT_LIQUID_A5_tiaocan_algebra2005/algebra2005_dkt_qid_models/dkt_DKT_LIQUID_A5_tiaocan_algebra2005_3407_0_0.3_256_0.0001_1_1_0_60b250eb-fb3f-4b9a-8c0a-832d5b267857/
16mher1y,4,0.916434979373844,0.8728034241697996,1742179679.2326262,50,models/dkt_DKT_LIQUID_A5_tiaocan_algebra2005/algebra2005_dkt_qid_models/dkt_DKT_LIQUID_A5_tiaocan_algebra2005_42_4_0.3_256_0.0001_1_1_0_5a94bd3b-e0f5-422d-b89c-e15ac711a48a/
ky2fwij1,2,0.9172752175198832,0.8667390354470479,1742179623.835713,53,models/dkt_DKT_LIQUID_A5_tiaocan_algebra2005/algebra2005_dkt_qid_models/dkt_DKT_LIQUID_A5_tiaocan_algebra2005_42_2_0.3_256_0.0001_1_1_0_e27e6f7a-db50-4ffe-8f4d-66157c898164/
zglwi07y,4,0.9168560111398482,0.8730867298106446,1742179048.326925,14,models/dkt_DKT_LIQUID_A5_tiaocan_algebra2005/algebra2005_dkt_qid_models/dkt_DKT_LIQUID_A5_tiaocan_algebra2005_3407_4_0.3_256_0.001_1_1_0_5baf5f38-116b-4c67-bebc-2c0ff6ab825f/
7xjf30ni,3,0.9168356639198776,0.870586461198199,1742179347.182047,46,models/dkt_DKT_LIQUID_A5_tiaocan_algebra2005/algebra2005_dkt_qid_models/dkt_DKT_LIQUID_A5_tiaocan_algebra2005_3407_3_0.3_256_0.0001_1_1_0_8ace6bc4-08f0-439c-bd7e-b77dbb6b6112/
87rd43hf,2,0.9162780737578046,0.8663430553279807,1742178969.625081,14,models/dkt_DKT_LIQUID_A5_tiaocan_algebra2005/algebra2005_dkt_qid_models/dkt_DKT_LIQUID_A5_tiaocan_algebra2005_3407_2_0.3_256_0.001_1_1_0_aca3aef0-362f-40b8-b494-2d66d7d8af39/
x9agpp8j,0,0.9153994168856968,0.8605530233971437,1742179193.812078,44,models/dkt_DKT_LIQUID_A5_tiaocan_algebra2005/algebra2005_dkt_qid_models/dkt_DKT_LIQUID_A5_tiaocan_algebra2005_42_0_0.3_256_0.0001_1_1_0_5fcc84c5-18e7-4d3f-a504-4c48c23afe7b/
3pu4tahe,4,0.9160156951296408,0.8724818339828945,1742178776.8478923,13,models/dkt_DKT_LIQUID_A5_tiaocan_algebra2005/algebra2005_dkt_qid_models/dkt_DKT_LIQUID_A5_tiaocan_algebra2005_42_4_0.3_256_0.001_1_1_0_ba5d3385-2682-4e6f-827c-df4785216233/
dybh7mbj,2,0.9154490629413512,0.8663771915451417,1742178719.703261,11,models/dkt_DKT_LIQUID_A5_tiaocan_algebra2005/algebra2005_dkt_qid_models/dkt_DKT_LIQUID_A5_tiaocan_algebra2005_42_2_0.3_256_0.001_1_1_0_10dec4d2-5a75-4ba0-a4f1-9031fe9483e9/
5mm33a0s,0,0.9151032902733526,0.8604983287754482,1742178650.1572568,10,models/dkt_DKT_LIQUID_A5_tiaocan_algebra2005/algebra2005_dkt_qid_models/dkt_DKT_LIQUID_A5_tiaocan_algebra2005_3407_0_0.3_256_0.001_1_1_0_1e85e287-ac87-4414-83c4-05ca0985ce44/
qraeb3ts,1,0.9102898022776184,0.8568271989257157,1742179061.873205,103,models/dkt_DKT_LIQUID_A5_tiaocan_algebra2005/algebra2005_dkt_qid_models/dkt_DKT_LIQUID_A5_tiaocan_algebra2005_3407_1_0.5_256_1e-05_1_1_0_17a73d53-cb0c-48d0-b297-6e917f820b59/
tlcw7fgo,0,0.9158236353360638,0.8610513521725919,1742178440.1595814,14,models/dkt_DKT_LIQUID_A5_tiaocan_algebra2005/algebra2005_dkt_qid_models/dkt_DKT_LIQUID_A5_tiaocan_algebra2005_42_0_0.3_256_0.001_1_1_0_35b5ab5d-ecc5-49b4-ae90-1d1a606ea214/
6uabjkyj,3,0.9177650922311444,0.8716061439476084,1742178752.7434027,56,models/dkt_DKT_LIQUID_A5_tiaocan_algebra2005/algebra2005_dkt_qid_models/dkt_DKT_LIQUID_A5_tiaocan_algebra2005_42_3_0.3_256_0.0001_1_1_0_90604d1b-10b1-401b-977b-9ae75e600c73/
9zb52yb9,3,0.917495550626094,0.871864655067177,1742178076.0484052,16,models/dkt_DKT_LIQUID_A5_tiaocan_algebra2005/algebra2005_dkt_qid_models/dkt_DKT_LIQUID_A5_tiaocan_algebra2005_3407_3_0.3_256_0.001_1_1_0_4e0c9773-a7e4-43b0-93b7-38dadbcd22ed/
j8wzcjqu,1,0.9103267794292812,0.8568455105902459,1742178396.179009,105,models/dkt_DKT_LIQUID_A5_tiaocan_algebra2005/algebra2005_dkt_qid_models/dkt_DKT_LIQUID_A5_tiaocan_algebra2005_42_1_0.5_256_1e-05_1_1_0_012d0046-5e6e-466c-a9c2-81a5157bd2ac/
bq3ne95l,3,0.9171514289950764,0.871304547641445,1742177800.557963,18,models/dkt_DKT_LIQUID_A5_tiaocan_algebra2005/algebra2005_dkt_qid_models/dkt_DKT_LIQUID_A5_tiaocan_algebra2005_42_3_0.3_256_0.001_1_1_0_3d05924a-b50c-4a34-9a9e-40183e4d8280/
l03dh7ug,4,0.90106782450507,0.8640668907588763,1742178529.8356123,127,models/dkt_DKT_LIQUID_A5_tiaocan_algebra2005/algebra2005_dkt_qid_models/dkt_DKT_LIQUID_A5_tiaocan_algebra2005_3407_4_0.3_128_1e-05_1_1_0_4124bc52-e4b8-4d2b-8eaa-838bcad5337c/
exfpvr9a,2,0.901909116461005,0.8585326888415533,1742178480.4365642,135,models/dkt_DKT_LIQUID_A5_tiaocan_algebra2005/algebra2005_dkt_qid_models/dkt_DKT_LIQUID_A5_tiaocan_algebra2005_3407_2_0.3_128_1e-05_1_1_0_81826dbf-6b23-4bc1-9b5d-df137e83013e/
mhl69fz9,1,0.9193309028805337,0.8633217359457974,1742177717.5892966,54,models/dkt_DKT_LIQUID_A5_tiaocan_algebra2005/algebra2005_dkt_qid_models/dkt_DKT_LIQUID_A5_tiaocan_algebra2005_3407_1_0.5_256_0.0001_1_1_0_dc254f48-48a4-4c73-b31b-babb60ec49ee/
ez9zr743,0,0.9017225969135624,0.8524582193862048,1742178182.4924414,145,models/dkt_DKT_LIQUID_A5_tiaocan_algebra2005/algebra2005_dkt_qid_models/dkt_DKT_LIQUID_A5_tiaocan_algebra2005_3407_0_0.3_128_1e-05_1_1_0_8d7517a2-184d-42f9-8b80-81562522097b/
9kagqgwu,1,0.9185584140846,0.8627968015625954,1742177206.8535688,46,models/dkt_DKT_LIQUID_A5_tiaocan_algebra2005/algebra2005_dkt_qid_models/dkt_DKT_LIQUID_A5_tiaocan_algebra2005_42_1_0.5_256_0.0001_1_1_0_7edc47dd-06ee-4851-a078-8c3b3f339764/
g2cy8kfp,1,0.9198544672091616,0.8638771897698834,1742176764.223987,20,models/dkt_DKT_LIQUID_A5_tiaocan_algebra2005/algebra2005_dkt_qid_models/dkt_DKT_LIQUID_A5_tiaocan_algebra2005_3407_1_0.5_256_0.001_1_1_0_afb568d7-114b-45f5-a1ec-fb54233ecb8c/
5g9qky5u,1,0.919377971286374,0.8631203076359641,1742176510.283358,15,models/dkt_DKT_LIQUID_A5_tiaocan_algebra2005/algebra2005_dkt_qid_models/dkt_DKT_LIQUID_A5_tiaocan_algebra2005_42_1_0.5_256_0.001_1_1_0_092e553f-c5fa-467a-8092-ebf47afc126b/
3o4okr1a,3,0.9021379241298316,0.863161447375035,1742177494.828238,137,models/dkt_DKT_LIQUID_A5_tiaocan_algebra2005/algebra2005_dkt_qid_models/dkt_DKT_LIQUID_A5_tiaocan_algebra2005_3407_3_0.3_128_1e-05_1_1_0_4f7788d9-ca52-453f-b155-11b1db83a949/
enbnsaec,4,0.9026758527898164,0.8652001133222563,1742177296.065482,139,models/dkt_DKT_LIQUID_A5_tiaocan_algebra2005/algebra2005_dkt_qid_models/dkt_DKT_LIQUID_A5_tiaocan_algebra2005_42_4_0.3_128_1e-05_1_1_0_73076de1-111a-4055-8bc7-6785f2e89b57/
j6coysok,2,0.9028984758399968,0.8585668250587143,1742177214.2442844,150,models/dkt_DKT_LIQUID_A5_tiaocan_algebra2005/algebra2005_dkt_qid_models/dkt_DKT_LIQUID_A5_tiaocan_algebra2005_42_2_0.3_128_1e-05_1_1_0_78555792-fbf2-4cba-be47-55a35b9e269d/
gbfigvsn,0,0.9018796639079616,0.8529930112427834,1742176807.1424663,144,models/dkt_DKT_LIQUID_A5_tiaocan_algebra2005/algebra2005_dkt_qid_models/dkt_DKT_LIQUID_A5_tiaocan_algebra2005_42_0_0.3_128_1e-05_1_1_0_6232fe08-42ca-4085-8581-4be30d0a894d/
yjcphm3p,4,0.911528525001001,0.8694726686625677,1742175935.82069,56,models/dkt_DKT_LIQUID_A5_tiaocan_algebra2005/algebra2005_dkt_qid_models/dkt_DKT_LIQUID_A5_tiaocan_algebra2005_3407_4_0.3_128_0.0001_1_1_0_7df20bcf-a6d9-444b-91b7-305dad9ba9e2/
vhi7vkka,2,0.9113394361004338,0.8631342509148506,1742175842.0931263,49,models/dkt_DKT_LIQUID_A5_tiaocan_algebra2005/algebra2005_dkt_qid_models/dkt_DKT_LIQUID_A5_tiaocan_algebra2005_3407_2_0.3_128_0.0001_1_1_0_ddafd1e8-5b3d-488a-a69f-74582c8c7141/
db49j2x7,1,0.9029009271017858,0.8528779832753464,1742176291.5466845,136,models/dkt_DKT_LIQUID_A5_tiaocan_algebra2005/algebra2005_dkt_qid_models/dkt_DKT_LIQUID_A5_tiaocan_algebra2005_3407_1_0.5_128_1e-05_1_1_0_4c67eb36-05ae-4274-bc9c-a88d8ae08cbc/
c0c4xqlz,0,0.9116906866303612,0.8585171680340322,1742175429.883957,57,models/dkt_DKT_LIQUID_A5_tiaocan_algebra2005/algebra2005_dkt_qid_models/dkt_DKT_LIQUID_A5_tiaocan_algebra2005_3407_0_0.3_128_0.0001_1_1_0_8afebf5a-81cc-4a28-b9e9-310690821ee8/
iungzxcn,3,0.903114763075122,0.8632332560193596,1742176171.6212828,148,models/dkt_DKT_LIQUID_A5_tiaocan_algebra2005/algebra2005_dkt_qid_models/dkt_DKT_LIQUID_A5_tiaocan_algebra2005_42_3_0.3_128_1e-05_1_1_0_0338b8e4-d70e-4fb3-ba8a-5c4e224bcc74/
9fyf46c3,4,0.9120181689445334,0.8701464766732261,1742175330.0331993,54,models/dkt_DKT_LIQUID_A5_tiaocan_algebra2005/algebra2005_dkt_qid_models/dkt_DKT_LIQUID_A5_tiaocan_algebra2005_42_4_0.3_128_0.0001_1_1_0_f20fcb00-88aa-42f5-ab3f-5abf03436758/
zne86n11,2,0.912806535808787,0.8640559287781965,1742175321.2938802,58,models/dkt_DKT_LIQUID_A5_tiaocan_algebra2005/algebra2005_dkt_qid_models/dkt_DKT_LIQUID_A5_tiaocan_algebra2005_42_2_0.3_128_0.0001_1_1_0_a8a04a76-226c-480a-ad22-86fbcf54a8ea/
c8eu6gca,4,0.9162948702992312,0.8724588632552583,1742174751.389228,22,models/dkt_DKT_LIQUID_A5_tiaocan_algebra2005/algebra2005_dkt_qid_models/dkt_DKT_LIQUID_A5_tiaocan_algebra2005_3407_4_0.3_128_0.001_1_1_0_036a6afd-8d09-4416-94f2-6fde78c8a34f/
afybzvjr,2,0.916814476126768,0.8662884373805232,1742174713.8851428,25,models/dkt_DKT_LIQUID_A5_tiaocan_algebra2005/algebra2005_dkt_qid_models/dkt_DKT_LIQUID_A5_tiaocan_algebra2005_3407_2_0.3_128_0.001_1_1_0_ca41e5ed-3d3a-4cae-a464-bde73f40b238/
y0jbxriw,1,0.903972301166864,0.8532503204541293,1742175303.2389076,140,models/dkt_DKT_LIQUID_A5_tiaocan_algebra2005/algebra2005_dkt_qid_models/dkt_DKT_LIQUID_A5_tiaocan_algebra2005_42_1_0.5_128_1e-05_1_1_0_898e6f56-37ad-4b0d-a1d5-27d2860abbd1/
m0cnosmc,0,0.9115265343639058,0.8585840170161045,1742174838.838565,51,models/dkt_DKT_LIQUID_A5_tiaocan_algebra2005/algebra2005_dkt_qid_models/dkt_DKT_LIQUID_A5_tiaocan_algebra2005_42_0_0.3_128_0.0001_1_1_0_5597514a-9501-4c8e-b4f0-57db8159e70a/
iou92r0t,3,0.9118180219120128,0.8679510839514861,1742174773.5375135,51,models/dkt_DKT_LIQUID_A5_tiaocan_algebra2005/algebra2005_dkt_qid_models/dkt_DKT_LIQUID_A5_tiaocan_algebra2005_3407_3_0.3_128_0.0001_1_1_0_55d9bdcc-5f9b-4fee-b373-6ddbfdfe3f4f/
qa7iaaum,4,0.9162776831194746,0.8735691150910023,1742174441.031545,29,models/dkt_DKT_LIQUID_A5_tiaocan_algebra2005/algebra2005_dkt_qid_models/dkt_DKT_LIQUID_A5_tiaocan_algebra2005_42_4_0.3_128_0.001_1_1_0_ae109b15-dd93-4e97-b957-8e642997ff82/
xwpht9jy,2,0.9168331937852088,0.8670530886449287,1742174391.114603,27,models/dkt_DKT_LIQUID_A5_tiaocan_algebra2005/algebra2005_dkt_qid_models/dkt_DKT_LIQUID_A5_tiaocan_algebra2005_42_2_0.3_128_0.001_1_1_0_6d001ed9-fa08-4357-889d-06aad7571d82/
ub1pas5i,0,0.9157615436580296,0.8614524460650258,1742174304.8312397,20,models/dkt_DKT_LIQUID_A5_tiaocan_algebra2005/algebra2005_dkt_qid_models/dkt_DKT_LIQUID_A5_tiaocan_algebra2005_3407_0_0.3_128_0.001_1_1_0_b7a01024-9205-4010-a1d1-1519567c566a/
o612h9eq,1,0.9147858323199616,0.8590245986693523,1742174313.6113875,63,models/dkt_DKT_LIQUID_A5_tiaocan_algebra2005/algebra2005_dkt_qid_models/dkt_DKT_LIQUID_A5_tiaocan_algebra2005_3407_1_0.5_128_0.0001_1_1_0_aba62fb4-719a-4467-b9c5-ff88d6e30c59/
w2wrr387,0,0.9155726720985048,0.8614402917046491,1742174029.3738863,21,models/dkt_DKT_LIQUID_A5_tiaocan_algebra2005/algebra2005_dkt_qid_models/dkt_DKT_LIQUID_A5_tiaocan_algebra2005_42_0_0.3_128_0.001_1_1_0_c0b564bb-f986-47a4-9e6f-737251b6a827/
cw4y12ia,3,0.9136124107665498,0.868870234598841,1742174237.888797,64,models/dkt_DKT_LIQUID_A5_tiaocan_algebra2005/algebra2005_dkt_qid_models/dkt_DKT_LIQUID_A5_tiaocan_algebra2005_42_3_0.3_128_0.0001_1_1_0_e816b8e4-9887-46fc-a179-c56b47ac2524/
t85l8j7j,1,0.9151477535546624,0.8595495330525544,1742173814.8245113,59,models/dkt_DKT_LIQUID_A5_tiaocan_algebra2005/algebra2005_dkt_qid_models/dkt_DKT_LIQUID_A5_tiaocan_algebra2005_42_1_0.5_128_0.0001_1_1_0_3fc53617-a9e8-4b25-b404-3dd73607ab49/
bdquabxz,3,0.9170034563683632,0.8711681112172284,1742173565.669343,22,models/dkt_DKT_LIQUID_A5_tiaocan_algebra2005/algebra2005_dkt_qid_models/dkt_DKT_LIQUID_A5_tiaocan_algebra2005_3407_3_0.3_128_0.001_1_1_0_f9c378df-0360-41c1-baff-85c528aad5b7/
cslffboy,1,0.9190466114028346,0.8626075810291155,1742173350.2931302,24,models/dkt_DKT_LIQUID_A5_tiaocan_algebra2005/algebra2005_dkt_qid_models/dkt_DKT_LIQUID_A5_tiaocan_algebra2005_3407_1_0.5_128_0.001_1_1_0_f3d0339f-68ac-4dc2-b4bd-064f500aac4d/
kghp0rkc,3,0.9162634687034622,0.8714697075233917,1742173275.4727294,20,models/dkt_DKT_LIQUID_A5_tiaocan_algebra2005/algebra2005_dkt_qid_models/dkt_DKT_LIQUID_A5_tiaocan_algebra2005_42_3_0.3_128_0.001_1_1_0_e99ad5e7-144f-45d7-8796-0a2bb0766634/
rio3w68i,1,0.9178079623886252,0.8609045962277971,1742173103.1586635,21,models/dkt_DKT_LIQUID_A5_tiaocan_algebra2005/algebra2005_dkt_qid_models/dkt_DKT_LIQUID_A5_tiaocan_algebra2005_42_1_0.5_128_0.001_1_1_0_547f047b-ee4f-4818-a700-a1ab3af3e7e1/
24svpsfk,2,0.8913067399974707,0.8538150636299088,1742174044.6873007,195,models/dkt_DKT_LIQUID_A5_tiaocan_algebra2005/algebra2005_dkt_qid_models/dkt_DKT_LIQUID_A5_tiaocan_algebra2005_3407_2_0.3_64_1e-05_1_1_0_11b7ca14-39ad-4718-a717-ff0381fdf0c2/
ha0xebmp,4,0.8927445631635631,0.860360946700255,1742174073.8717256,192,models/dkt_DKT_LIQUID_A5_tiaocan_algebra2005/algebra2005_dkt_qid_models/dkt_DKT_LIQUID_A5_tiaocan_algebra2005_3407_4_0.3_64_1e-05_1_1_0_f6553282-f0a6-421c-9eee-7dd5bde9fbb9/
3zmacc31,0,0.8904879036316902,0.8457186265572775,1742173734.0596898,193,models/dkt_DKT_LIQUID_A5_tiaocan_algebra2005/algebra2005_dkt_qid_models/dkt_DKT_LIQUID_A5_tiaocan_algebra2005_3407_0_0.3_64_1e-05_1_1_0_1cf44160-6bd9-4932-9319-1b85e71629b0/
pnfa1jbv,1,0.8934220101814146,0.8466764328877495,1742172879.5450556,198,models/dkt_DKT_LIQUID_A5_tiaocan_algebra2005/algebra2005_dkt_qid_models/dkt_DKT_LIQUID_A5_tiaocan_algebra2005_3407_1_0.5_64_1e-05_1_1_0_3f7f2dee-977b-4ef4-8db3-079561250e59/
zgk1z7lc,3,0.8919258470425488,0.8584292577140437,1742172978.177498,193,models/dkt_DKT_LIQUID_A5_tiaocan_algebra2005/algebra2005_dkt_qid_models/dkt_DKT_LIQUID_A5_tiaocan_algebra2005_3407_3_0.3_64_1e-05_1_1_0_cec33b34-7b4b-4d2d-bc11-83fbd3e710b6/
skd5pd0d,2,0.8929888397654115,0.8551463760991862,1742172399.7867594,194,models/dkt_DKT_LIQUID_A5_tiaocan_algebra2005/algebra2005_dkt_qid_models/dkt_DKT_LIQUID_A5_tiaocan_algebra2005_42_2_0.3_64_1e-05_1_1_0_179b6343-0734-4898-a4c8-c3add883df10/
i0vrjw9n,4,0.8935455028789423,0.8610270978017014,1742172381.0678833,190,models/dkt_DKT_LIQUID_A5_tiaocan_algebra2005/algebra2005_dkt_qid_models/dkt_DKT_LIQUID_A5_tiaocan_algebra2005_42_4_0.3_64_1e-05_1_1_0_19420cb1-f726-4120-879a-bc145cd310c7/
yynjichs,0,0.8921204882941918,0.8483682771194165,1742172067.8084235,200,models/dkt_DKT_LIQUID_A5_tiaocan_algebra2005/algebra2005_dkt_qid_models/dkt_DKT_LIQUID_A5_tiaocan_algebra2005_42_0_0.3_64_1e-05_1_1_0_25ff49f2-76fd-4607-8741-e45726151e36/
rx9cws4y,1,0.8957804622092866,0.8486846120979064,1742171594.3954265,198,models/dkt_DKT_LIQUID_A5_tiaocan_algebra2005/algebra2005_dkt_qid_models/dkt_DKT_LIQUID_A5_tiaocan_algebra2005_42_1_0.5_64_1e-05_1_1_0_01bdf9c8-945d-4811-a8be-273a9aca2a70/
qnxntukq,4,0.9072955836261148,0.8664252187961807,1742170688.5446296,69,models/dkt_DKT_LIQUID_A5_tiaocan_algebra2005/algebra2005_dkt_qid_models/dkt_DKT_LIQUID_A5_tiaocan_algebra2005_3407_4_0.3_64_0.0001_1_1_0_d1a6fdd9-a0b2-40f3-a7d9-e81145f5403e/
9m8xegn3,2,0.9085059894469636,0.8615571576820144,1742170755.8962352,83,models/dkt_DKT_LIQUID_A5_tiaocan_algebra2005/algebra2005_dkt_qid_models/dkt_DKT_LIQUID_A5_tiaocan_algebra2005_3407_2_0.3_64_0.0001_1_1_0_7098c784-ffa3-4b30-8d44-b369ee4f896b/
jjw9hpvt,1,0.909668946893641,0.8557590184947812,1742170339.3027415,77,models/dkt_DKT_LIQUID_A5_tiaocan_algebra2005/algebra2005_dkt_qid_models/dkt_DKT_LIQUID_A5_tiaocan_algebra2005_3407_1_0.5_64_0.0001_1_1_0_3e883c9e-b6ab-44ce-b5fb-47bf1a17794c/
7jgo0vjg,0,0.9080895196713704,0.8560012154360377,1742170401.4150207,81,models/dkt_DKT_LIQUID_A5_tiaocan_algebra2005/algebra2005_dkt_qid_models/dkt_DKT_LIQUID_A5_tiaocan_algebra2005_3407_0_0.3_64_0.0001_1_1_0_8a33d7f6-cd4f-4a8e-9210-8716000981f8/
8gl1o3xf,3,0.8932415740359871,0.859635642938697,1742171316.0407078,195,models/dkt_DKT_LIQUID_A5_tiaocan_algebra2005/algebra2005_dkt_qid_models/dkt_DKT_LIQUID_A5_tiaocan_algebra2005_42_3_0.3_64_1e-05_1_1_0_e751cf48-0068-420e-bba9-4edece42a30b/
wd4ntene,4,0.9065727878214244,0.8667314951646619,1742170020.8492205,67,models/dkt_DKT_LIQUID_A5_tiaocan_algebra2005/algebra2005_dkt_qid_models/dkt_DKT_LIQUID_A5_tiaocan_algebra2005_42_4_0.3_64_0.0001_1_1_0_badf9ad7-79e5-4a3e-bef3-302504dbc784/
dk34ycor,1,0.9083574848769022,0.8544283708722457,1742169777.228145,62,models/dkt_DKT_LIQUID_A5_tiaocan_algebra2005/algebra2005_dkt_qid_models/dkt_DKT_LIQUID_A5_tiaocan_algebra2005_42_1_0.5_64_0.0001_1_1_0_2a3526ff-f022-4712-bd9c-a912623d135a/
ex0niubw,2,0.9071301648065498,0.8605740346277787,1742169955.3930926,69,models/dkt_DKT_LIQUID_A5_tiaocan_algebra2005/algebra2005_dkt_qid_models/dkt_DKT_LIQUID_A5_tiaocan_algebra2005_42_2_0.3_64_0.0001_1_1_0_304b1787-1f2f-47e0-89e3-0644e23c6684/
su584mua,4,0.9128729251528592,0.8708049708654605,1742169387.7979915,25,models/dkt_DKT_LIQUID_A5_tiaocan_algebra2005/algebra2005_dkt_qid_models/dkt_DKT_LIQUID_A5_tiaocan_algebra2005_3407_4_0.3_64_0.001_1_1_0_df0dea75-c489-431d-b842-553432763fa3/
a60ddkwi,1,0.9167277789690506,0.8606909601416102,1742169311.594485,40,models/dkt_DKT_LIQUID_A5_tiaocan_algebra2005/algebra2005_dkt_qid_models/dkt_DKT_LIQUID_A5_tiaocan_algebra2005_3407_1_0.5_64_0.001_1_1_0_124892ce-5065-4b3e-9509-708aa4642628/
2y7nqhno,0,0.9074826501907374,0.8559647523549073,1742169646.2716053,76,models/dkt_DKT_LIQUID_A5_tiaocan_algebra2005/algebra2005_dkt_qid_models/dkt_DKT_LIQUID_A5_tiaocan_algebra2005_42_0_0.3_64_0.0001_1_1_0_6c861b99-08b4-43ac-a648-e99623fcfee8/
uurezds5,3,0.9085725901592449,0.8656388456042339,1742169637.4806435,73,models/dkt_DKT_LIQUID_A5_tiaocan_algebra2005/algebra2005_dkt_qid_models/dkt_DKT_LIQUID_A5_tiaocan_algebra2005_3407_3_0.3_64_0.0001_1_1_0_2fe0e490-5fd7-44f9-9624-8abc7e23b4d8/
n7avivss,2,0.913959236291058,0.8650185701021356,1742169304.188377,33,models/dkt_DKT_LIQUID_A5_tiaocan_algebra2005/algebra2005_dkt_qid_models/dkt_DKT_LIQUID_A5_tiaocan_algebra2005_3407_2_0.3_64_0.001_1_1_0_e7804908-9a7d-4ea4-a560-7e5e24701d97/
wz6zwj96,1,0.916441988124961,0.8606909601416102,1742168979.272655,37,models/dkt_DKT_LIQUID_A5_tiaocan_algebra2005/algebra2005_dkt_qid_models/dkt_DKT_LIQUID_A5_tiaocan_algebra2005_42_1_0.5_64_0.001_1_1_0_ddc424c8-943d-447d-a052-b961b8eae74b/
662b43am,4,0.9141567587564444,0.8709810797773371,1742169075.7508168,39,models/dkt_DKT_LIQUID_A5_tiaocan_algebra2005/algebra2005_dkt_qid_models/dkt_DKT_LIQUID_A5_tiaocan_algebra2005_42_4_0.3_64_0.001_1_1_0_eee603ee-4349-488c-949b-818166b55d58/
xlp78xt2,0,0.9135985453058472,0.8600850805226375,1742168954.1842897,32,models/dkt_DKT_LIQUID_A5_tiaocan_algebra2005/algebra2005_dkt_qid_models/dkt_DKT_LIQUID_A5_tiaocan_algebra2005_3407_0_0.3_64_0.001_1_1_0_4b889dab-a0bf-4137-b4f3-025ebcb753f2/
rpvr4fak,2,0.9136251901107508,0.8653326233000164,1742168935.387056,34,models/dkt_DKT_LIQUID_A5_tiaocan_algebra2005/algebra2005_dkt_qid_models/dkt_DKT_LIQUID_A5_tiaocan_algebra2005_42_2_0.3_64_0.001_1_1_0_e5d30819-7337-4866-b2e6-9b20b4ad0fa6/
xpj17xou,3,0.9079100671259854,0.8656029412820715,1742168941.830715,71,models/dkt_DKT_LIQUID_A5_tiaocan_algebra2005/algebra2005_dkt_qid_models/dkt_DKT_LIQUID_A5_tiaocan_algebra2005_42_3_0.3_64_0.0001_1_1_0_8cb546a8-52a0-4075-892d-ecc126310fd8/
b3ho6281,0,0.9137079109742612,0.859629292008508,1742168597.28396,35,models/dkt_DKT_LIQUID_A5_tiaocan_algebra2005/algebra2005_dkt_qid_models/dkt_DKT_LIQUID_A5_tiaocan_algebra2005_42_0_0.3_64_0.001_1_1_0_ec2abff8-2588-4583-977a-53f09d6a2ba1/
2f0ip8o8,3,0.914814077642165,0.869588321042087,1742168247.108469,31,models/dkt_DKT_LIQUID_A5_tiaocan_algebra2005/algebra2005_dkt_qid_models/dkt_DKT_LIQUID_A5_tiaocan_algebra2005_3407_3_0.3_64_0.001_1_1_0_43084342-73d4-40f2-ad87-420ee0399710/
3w1ruwwt,1,0.910281874062724,0.8566379783922359,1742168668.455301,98,models/dkt_DKT_LIQUID_A5_tiaocan_algebra2005/algebra2005_dkt_qid_models/dkt_DKT_LIQUID_A5_tiaocan_algebra2005_3407_1_0.3_256_1e-05_1_1_0_a1c58a04-9a76-47ce-9924-ebe00dbb21f1/
syubud60,4,0.9074082276700296,0.8672904495371399,1742168653.1417525,92,models/dkt_DKT_LIQUID_A5_tiaocan_algebra2005/algebra2005_dkt_qid_models/dkt_DKT_LIQUID_A5_tiaocan_algebra2005_3407_4_0.2_256_1e-05_1_1_0_f3e9debb-f87a-450a-9beb-d430b3f91bc3/
v4u394we,2,0.90752517171438,0.8608607788519308,1742168546.4367962,94,models/dkt_DKT_LIQUID_A5_tiaocan_algebra2005/algebra2005_dkt_qid_models/dkt_DKT_LIQUID_A5_tiaocan_algebra2005_3407_2_0.2_256_1e-05_1_1_0_f03fee52-9d72-4a07-9984-3f38301c7e8b/
zs8kroqk,3,0.914887412093442,0.8704572056384148,1742167886.6868925,42,models/dkt_DKT_LIQUID_A5_tiaocan_algebra2005/algebra2005_dkt_qid_models/dkt_DKT_LIQUID_A5_tiaocan_algebra2005_42_3_0.3_64_0.001_1_1_0_bdd7430d-8d8d-4aca-b700-f4f8645c2cda/
cpaj1rfx,0,0.9077789946673784,0.8558614402917046,1742168206.7825303,100,models/dkt_DKT_LIQUID_A5_tiaocan_algebra2005/algebra2005_dkt_qid_models/dkt_DKT_LIQUID_A5_tiaocan_algebra2005_3407_0_0.2_256_1e-05_1_1_0_753e5d9a-c474-4f10-a123-f3eed92a7758/
cn3749wr,1,0.9107525186220732,0.8568088872611854,1742167828.6779492,105,models/dkt_DKT_LIQUID_A5_tiaocan_algebra2005/algebra2005_dkt_qid_models/dkt_DKT_LIQUID_A5_tiaocan_algebra2005_42_1_0.3_256_1e-05_1_1_0_a94650d1-eaeb-4933-8ad2-1d0deef47bbd/
tde0wm0v,4,0.9072034055525392,0.8666625829817536,1742167610.414395,93,models/dkt_DKT_LIQUID_A5_tiaocan_algebra2005/algebra2005_dkt_qid_models/dkt_DKT_LIQUID_A5_tiaocan_algebra2005_42_4_0.2_256_1e-05_1_1_0_f1260bb2-5814-49e5-aef0-b7c80868a255/
exrw0df1,1,0.9187066100135934,0.8626258926936459,1742166932.391466,45,models/dkt_DKT_LIQUID_A5_tiaocan_algebra2005/algebra2005_dkt_qid_models/dkt_DKT_LIQUID_A5_tiaocan_algebra2005_3407_1_0.3_256_0.0001_1_1_0_c52069fb-e471-4c79-8cf2-937e492a059d/
l5a1s5r4,2,0.9077391502239152,0.8610860778851931,1742167506.9071188,99,models/dkt_DKT_LIQUID_A5_tiaocan_algebra2005/algebra2005_dkt_qid_models/dkt_DKT_LIQUID_A5_tiaocan_algebra2005_42_2_0.2_256_1e-05_1_1_0_c9dccd84-f3e2-4a63-8526-61c9cab1daa3/
mzcf2kw1,3,0.9083774231622628,0.8654736857222872,1742167443.0481632,101,models/dkt_DKT_LIQUID_A5_tiaocan_algebra2005/algebra2005_dkt_qid_models/dkt_DKT_LIQUID_A5_tiaocan_algebra2005_3407_3_0.2_256_1e-05_1_1_0_190aa769-cd5f-4b50-b66e-8035ba2ce732/
bbmbaoqy,1,0.9191554084886406,0.8633949826039187,1742166486.9836254,49,models/dkt_DKT_LIQUID_A5_tiaocan_algebra2005/algebra2005_dkt_qid_models/dkt_DKT_LIQUID_A5_tiaocan_algebra2005_42_1_0.3_256_0.0001_1_1_0_8b24326d-8c7e-414c-af6c-306ac98db89b/
z5m4xcgt,0,0.9074218611044284,0.8552111820115467,1742167091.7873435,99,models/dkt_DKT_LIQUID_A5_tiaocan_algebra2005/algebra2005_dkt_qid_models/dkt_DKT_LIQUID_A5_tiaocan_algebra2005_42_0_0.2_256_1e-05_1_1_0_9a1a069e-3792-4a98-a761-9896e450f99e/
6kns0qtd,4,0.9172677565884616,0.8733930061791257,1742166525.5754468,53,models/dkt_DKT_LIQUID_A5_tiaocan_algebra2005/algebra2005_dkt_qid_models/dkt_DKT_LIQUID_A5_tiaocan_algebra2005_3407_4_0.2_256_0.0001_1_1_0_3d19e52e-2d02-47c4-9293-6f8965fe2d48/
2n6b4p1w,1,0.9190985082797212,0.8624549838246963,1742166012.031168,12,models/dkt_DKT_LIQUID_A5_tiaocan_algebra2005/algebra2005_dkt_qid_models/dkt_DKT_LIQUID_A5_tiaocan_algebra2005_3407_1_0.3_256_0.001_1_1_0_ee59bf7b-9916-471e-b98b-45e9d56c7008/
vdxfvnul,2,0.9169057307064769,0.8662884373805232,1742166404.4091935,46,models/dkt_DKT_LIQUID_A5_tiaocan_algebra2005/algebra2005_dkt_qid_models/dkt_DKT_LIQUID_A5_tiaocan_algebra2005_3407_2_0.2_256_0.0001_1_1_0_43c05876-fd67-4bb1-91ad-44ed3740490d/
xgeu64r3,1,0.9186527155496468,0.8629860220960752,1742165820.5978413,11,models/dkt_DKT_LIQUID_A5_tiaocan_algebra2005/algebra2005_dkt_qid_models/dkt_DKT_LIQUID_A5_tiaocan_algebra2005_42_1_0.3_256_0.001_1_1_0_cfa9b488-c43a-4ed5-a2ef-09c178476487/
oyq5kkld,0,0.916041979888669,0.8611060467942875,1742165991.8568308,46,models/dkt_DKT_LIQUID_A5_tiaocan_algebra2005/algebra2005_dkt_qid_models/dkt_DKT_LIQUID_A5_tiaocan_algebra2005_3407_0_0.2_256_0.0001_1_1_0_66bc88ea-96d7-4f4e-a903-3a48e7507989/
z3cxabqf,4,0.9161321328736436,0.8725584030750148,1742165872.854678,46,models/dkt_DKT_LIQUID_A5_tiaocan_algebra2005/algebra2005_dkt_qid_models/dkt_DKT_LIQUID_A5_tiaocan_algebra2005_42_4_0.2_256_0.0001_1_1_0_bef12733-0544-45d5-b00b-5eb993c706b4/
5pcikvmy,2,0.9170677995936408,0.8665205636572177,1742165816.1638863,50,models/dkt_DKT_LIQUID_A5_tiaocan_algebra2005/algebra2005_dkt_qid_models/dkt_DKT_LIQUID_A5_tiaocan_algebra2005_42_2_0.2_256_0.0001_1_1_0_0e0b853b-663a-4554-94b1-d4536660be8c/
p9ml61n1,3,0.90827283199941,0.865703473384126,1742166308.965045,99,models/dkt_DKT_LIQUID_A5_tiaocan_algebra2005/algebra2005_dkt_qid_models/dkt_DKT_LIQUID_A5_tiaocan_algebra2005_42_3_0.2_256_1e-05_1_1_0_8af1075d-9be1-4bc4-9644-3aa7c3742f78/
9w11vtjo,4,0.9169317089686734,0.872627315257923,1742165281.7664888,14,models/dkt_DKT_LIQUID_A5_tiaocan_algebra2005/algebra2005_dkt_qid_models/dkt_DKT_LIQUID_A5_tiaocan_algebra2005_3407_4_0.2_256_0.001_1_1_0_e9f82f60-5b75-4923-98c6-4658e5d9d068/
py4hgwol,2,0.9154301290691236,0.865817357583702,1742165189.2594457,11,models/dkt_DKT_LIQUID_A5_tiaocan_algebra2005/algebra2005_dkt_qid_models/dkt_DKT_LIQUID_A5_tiaocan_algebra2005_3407_2_0.2_256_0.001_1_1_0_a2def764-4083-487f-9bf6-ea20f28328e4/
4f3qc8bm,0,0.9156999848905544,0.860990580370708,1742165421.5144012,46,models/dkt_DKT_LIQUID_A5_tiaocan_algebra2005/algebra2005_dkt_qid_models/dkt_DKT_LIQUID_A5_tiaocan_algebra2005_42_0_0.2_256_0.0001_1_1_0_563618ed-01a5-46a5-b179-e0badf579b12/
oc3y03ju,4,0.9163510652762789,0.8723057250710178,1742165012.5815308,14,models/dkt_DKT_LIQUID_A5_tiaocan_algebra2005/algebra2005_dkt_qid_models/dkt_DKT_LIQUID_A5_tiaocan_algebra2005_42_4_0.2_256_0.001_1_1_0_8a0ac093-92da-4125-8690-ce43bc2967c1/
kac9c1ln,2,0.9154253991493077,0.866281610137091,1742164956.652425,11,models/dkt_DKT_LIQUID_A5_tiaocan_algebra2005/algebra2005_dkt_qid_models/dkt_DKT_LIQUID_A5_tiaocan_algebra2005_42_2_0.2_256_0.001_1_1_0_3ba67e20-50e8-47ff-b6d8-06e1d457d222/
4axax4cr,0,0.9152220035216304,0.8606381039197812,1742164855.2734015,10,models/dkt_DKT_LIQUID_A5_tiaocan_algebra2005/algebra2005_dkt_qid_models/dkt_DKT_LIQUID_A5_tiaocan_algebra2005_3407_0_0.2_256_0.001_1_1_0_dc6f4658-c7ea-42d9-a9a7-792baae7c727/
fckdvum5,1,0.9036746397471034,0.853311359335897,1742165638.9514074,139,models/dkt_DKT_LIQUID_A5_tiaocan_algebra2005/algebra2005_dkt_qid_models/dkt_DKT_LIQUID_A5_tiaocan_algebra2005_3407_1_0.3_128_1e-05_1_1_0_99906722-2eb0-4450-8e69-51f143d017f5/
kxcl7dc0,3,0.9172410134134298,0.8711034834373362,1742165182.1832235,48,models/dkt_DKT_LIQUID_A5_tiaocan_algebra2005/algebra2005_dkt_qid_models/dkt_DKT_LIQUID_A5_tiaocan_algebra2005_3407_3_0.2_256_0.0001_1_1_0_3d6091f3-5a7e-4830-bf2e-854baa87e20f/
zat3uien,0,0.9155214087884456,0.8614767547857795,1742164649.534958,11,models/dkt_DKT_LIQUID_A5_tiaocan_algebra2005/algebra2005_dkt_qid_models/dkt_DKT_LIQUID_A5_tiaocan_algebra2005_42_0_0.2_256_0.001_1_1_0_f9afd40f-89fe-4732-bb8f-b4d443a97f1e/
jzxxuev6,3,0.916914169623021,0.8709024192332273,1742164589.5713904,46,models/dkt_DKT_LIQUID_A5_tiaocan_algebra2005/algebra2005_dkt_qid_models/dkt_DKT_LIQUID_A5_tiaocan_algebra2005_42_3_0.2_256_0.0001_1_1_0_dfbca6a5-16c5-4088-9083-61507fab1b9e/
d4lkwpa4,3,0.9170635728573412,0.8711465686239309,1742163993.4900978,14,models/dkt_DKT_LIQUID_A5_tiaocan_algebra2005/algebra2005_dkt_qid_models/dkt_DKT_LIQUID_A5_tiaocan_algebra2005_3407_3_0.2_256_0.001_1_1_0_7d436b84-385d-4662-8a97-934b1f9ffe20/
q9hxgqrf,1,0.9046286966469832,0.853311359335897,1742164644.8800316,140,models/dkt_DKT_LIQUID_A5_tiaocan_algebra2005/algebra2005_dkt_qid_models/dkt_DKT_LIQUID_A5_tiaocan_algebra2005_42_1_0.3_128_1e-05_1_1_0_c92f0b83-cdef-4c47-bdbf-143b18c0864f/
r2ryf5of,4,0.9012239892446816,0.864273627307601,1742164758.793048,127,models/dkt_DKT_LIQUID_A5_tiaocan_algebra2005/algebra2005_dkt_qid_models/dkt_DKT_LIQUID_A5_tiaocan_algebra2005_3407_4_0.2_128_1e-05_1_1_0_dc53a996-2afc-4b1e-bcb6-294d47b552e4/
p2ibt4zn,2,0.9021725324990152,0.8586760609536294,1742164720.6947403,136,models/dkt_DKT_LIQUID_A5_tiaocan_algebra2005/algebra2005_dkt_qid_models/dkt_DKT_LIQUID_A5_tiaocan_algebra2005_3407_2_0.2_128_1e-05_1_1_0_593549e6-5f1d-4111-b59e-08d2522d0647/
md4ec2n6,3,0.9174304011372452,0.8715558778965812,1742163728.0458324,18,models/dkt_DKT_LIQUID_A5_tiaocan_algebra2005/algebra2005_dkt_qid_models/dkt_DKT_LIQUID_A5_tiaocan_algebra2005_42_3_0.2_256_0.001_1_1_0_7a85bea8-ab9e-42ec-9ed8-bb69049658c6/
x8jd2ut9,1,0.9152450179814356,0.8595861563816151,1742163644.437775,61,models/dkt_DKT_LIQUID_A5_tiaocan_algebra2005/algebra2005_dkt_qid_models/dkt_DKT_LIQUID_A5_tiaocan_algebra2005_3407_1_0.3_128_0.0001_1_1_0_de0eab48-6b2a-4214-ba7a-876b5e26fd1c/
4avaur6y,0,0.9019054829474902,0.8525311455484655,1742164415.260034,145,models/dkt_DKT_LIQUID_A5_tiaocan_algebra2005/algebra2005_dkt_qid_models/dkt_DKT_LIQUID_A5_tiaocan_algebra2005_3407_0_0.2_128_1e-05_1_1_0_45af896b-ed49-4b80-8c2e-58509ab18b8f/
ic0qbzp1,1,0.9156555016626516,0.8599768052249283,1742163153.6665332,59,models/dkt_DKT_LIQUID_A5_tiaocan_algebra2005/algebra2005_dkt_qid_models/dkt_DKT_LIQUID_A5_tiaocan_algebra2005_42_1_0.3_128_0.0001_1_1_0_1d58ae06-fc53-4112-b2e4-0aeeeb692d56/
bkfp11u1,1,0.9192109462908158,0.8630226454251358,1742162682.7212803,24,models/dkt_DKT_LIQUID_A5_tiaocan_algebra2005/algebra2005_dkt_qid_models/dkt_DKT_LIQUID_A5_tiaocan_algebra2005_3407_1_0.3_128_0.001_1_1_0_6131b73c-ae6b-4222-b28e-1af3ff91d2b9/
bp3e68u8,4,0.9029665025300272,0.8653455945972849,1742163539.949692,140,models/dkt_DKT_LIQUID_A5_tiaocan_algebra2005/algebra2005_dkt_qid_models/dkt_DKT_LIQUID_A5_tiaocan_algebra2005_42_4_0.2_128_1e-05_1_1_0_e90bf800-e97c-4d77-8d6d-5b96e92e095c/
1vfe4hqt,1,0.9187770414449872,0.8628700482207166,1742162437.6690583,25,models/dkt_DKT_LIQUID_A5_tiaocan_algebra2005/algebra2005_dkt_qid_models/dkt_DKT_LIQUID_A5_tiaocan_algebra2005_42_1_0.3_128_0.001_1_1_0_6806c0ce-2069-48d7-a7a2-5641f9d84731/
lf7e9kbc,2,0.9020875198476588,0.8583620077557486,1742163456.9859197,140,models/dkt_DKT_LIQUID_A5_tiaocan_algebra2005/algebra2005_dkt_qid_models/dkt_DKT_LIQUID_A5_tiaocan_algebra2005_42_2_0.2_128_1e-05_1_1_0_edb843ad-f881-4d51-869e-631ba343c4df/
0x2bq66j,3,0.9023429490951966,0.8631829899683324,1742163435.3580754,137,models/dkt_DKT_LIQUID_A5_tiaocan_algebra2005/algebra2005_dkt_qid_models/dkt_DKT_LIQUID_A5_tiaocan_algebra2005_3407_3_0.2_128_1e-05_1_1_0_3e204da9-6d59-4e64-a0dc-9a9c66446505/
w6yom8l5,0,0.9021003611476022,0.8530598602248557,1742163107.0747242,144,models/dkt_DKT_LIQUID_A5_tiaocan_algebra2005/algebra2005_dkt_qid_models/dkt_DKT_LIQUID_A5_tiaocan_algebra2005_42_0_0.2_128_1e-05_1_1_0_407cdce3-ae6c-4aff-b49f-5da39be0570e/
ixbylpp8,4,0.9111467784523086,0.8693731288428113,1742162200.6851194,50,models/dkt_DKT_LIQUID_A5_tiaocan_algebra2005/algebra2005_dkt_qid_models/dkt_DKT_LIQUID_A5_tiaocan_algebra2005_3407_4_0.2_128_0.0001_1_1_0_2b4a2f11-143d-470d-8f74-64447526e4b1/
8x2c8d8c,2,0.9124308787186064,0.8636736031459937,1742162135.6297436,57,models/dkt_DKT_LIQUID_A5_tiaocan_algebra2005/algebra2005_dkt_qid_models/dkt_DKT_LIQUID_A5_tiaocan_algebra2005_3407_2_0.2_128_0.0001_1_1_0_abb7e244-370f-43cd-b047-8affa2c1f555/
ett1n76y,0,0.911866889902264,0.8585232452142206,1742161748.038312,57,models/dkt_DKT_LIQUID_A5_tiaocan_algebra2005/algebra2005_dkt_qid_models/dkt_DKT_LIQUID_A5_tiaocan_algebra2005_3407_0_0.2_128_0.0001_1_1_0_904221d4-e400-430a-9feb-1b4d97223ee7/
u768nafa,4,0.9122221239562124,0.8702536734021945,1742161656.2665412,54,models/dkt_DKT_LIQUID_A5_tiaocan_algebra2005/algebra2005_dkt_qid_models/dkt_DKT_LIQUID_A5_tiaocan_algebra2005_42_4_0.2_128_0.0001_1_1_0_c0ea7f00-9ed5-44f6-8c6d-7db7083df937/
5ic7xjqo,1,0.893562690460928,0.846951107855704,1742162194.593424,192,models/dkt_DKT_LIQUID_A5_tiaocan_algebra2005/algebra2005_dkt_qid_models/dkt_DKT_LIQUID_A5_tiaocan_algebra2005_3407_1_0.3_64_1e-05_1_1_0_8e1513ff-ae68-470a-85da-bff219c55ab1/
drevr7aa,2,0.9129174257823228,0.8639330383964171,1742161546.8487816,57,models/dkt_DKT_LIQUID_A5_tiaocan_algebra2005/algebra2005_dkt_qid_models/dkt_DKT_LIQUID_A5_tiaocan_algebra2005_42_2_0.2_128_0.0001_1_1_0_9dabfa9a-0167-4550-a822-7efec1870cf8/
rqb1a6uc,4,0.915853874461318,0.8724971478013185,1742161073.5968237,20,models/dkt_DKT_LIQUID_A5_tiaocan_algebra2005/algebra2005_dkt_qid_models/dkt_DKT_LIQUID_A5_tiaocan_algebra2005_3407_4_0.2_128_0.001_1_1_0_e5d1cd97-0542-4988-ada0-c6db3cb0baff/
sg7kqquf,3,0.903350705394376,0.8632907029348192,1742162131.7860491,148,models/dkt_DKT_LIQUID_A5_tiaocan_algebra2005/algebra2005_dkt_qid_models/dkt_DKT_LIQUID_A5_tiaocan_algebra2005_42_3_0.2_128_1e-05_1_1_0_f2552d2f-f139-435e-8fe6-0ae4736ff34d/
oyk1w2pk,0,0.9116999727205451,0.8586447888179884,1742161189.4488668,51,models/dkt_DKT_LIQUID_A5_tiaocan_algebra2005/algebra2005_dkt_qid_models/dkt_DKT_LIQUID_A5_tiaocan_algebra2005_42_0_0.2_128_0.0001_1_1_0_725a03d0-e7e8-437f-8d2e-229d7e589d4f/
tke7cxe5,2,0.9156492452028204,0.8655988857938719,1742160949.8454664,21,models/dkt_DKT_LIQUID_A5_tiaocan_algebra2005/algebra2005_dkt_qid_models/dkt_DKT_LIQUID_A5_tiaocan_algebra2005_3407_2_0.2_128_0.001_1_1_0_ebb95bd5-2011-4c02-b094-e186566b1c61/
k4h790jd,4,0.9154927725982888,0.8727498258053155,1742160790.9884222,20,models/dkt_DKT_LIQUID_A5_tiaocan_algebra2005/algebra2005_dkt_qid_models/dkt_DKT_LIQUID_A5_tiaocan_algebra2005_42_4_0.2_128_0.001_1_1_0_b55a19f2-95fb-42c4-b31c-71fc0193b1e6/
o9imaxhq,0,0.9158057633075832,0.8612275903980553,1742160681.752849,20,models/dkt_DKT_LIQUID_A5_tiaocan_algebra2005/algebra2005_dkt_qid_models/dkt_DKT_LIQUID_A5_tiaocan_algebra2005_3407_0_0.2_128_0.001_1_1_0_251249bc-fe13-4a0c-b818-91756b48e3ee/
cawqplu9,2,0.915756002734554,0.8660426566169643,1742160668.6811173,19,models/dkt_DKT_LIQUID_A5_tiaocan_algebra2005/algebra2005_dkt_qid_models/dkt_DKT_LIQUID_A5_tiaocan_algebra2005_42_2_0.2_128_0.001_1_1_0_2c4fa8fd-7855-4186-aab8-ea2986b26e82/
7txprdjs,3,0.9120637162238764,0.8681593290200275,1742160743.3921795,51,models/dkt_DKT_LIQUID_A5_tiaocan_algebra2005/algebra2005_dkt_qid_models/dkt_DKT_LIQUID_A5_tiaocan_algebra2005_3407_3_0.2_128_0.0001_1_1_0_e253b21b-34f4-4aff-bdf6-784561cc56b1/
z61masij,0,0.9152073048377092,0.8609784260103313,1742160403.1541138,19,models/dkt_DKT_LIQUID_A5_tiaocan_algebra2005/algebra2005_dkt_qid_models/dkt_DKT_LIQUID_A5_tiaocan_algebra2005_42_0_0.2_128_0.001_1_1_0_48892baf-2e0d-4f4b-9a94-b2becbc2c86b/
zbi7i54v,1,0.8962565710413312,0.8488921442959165,1742160955.0027454,196,models/dkt_DKT_LIQUID_A5_tiaocan_algebra2005/algebra2005_dkt_qid_models/dkt_DKT_LIQUID_A5_tiaocan_algebra2005_42_1_0.3_64_1e-05_1_1_0_28b94230-ed34-4f00-bdf3-4d415ecd7192/
g1z4sc4c,3,0.9129126114409676,0.8684465635973259,1742160215.6018424,55,models/dkt_DKT_LIQUID_A5_tiaocan_algebra2005/algebra2005_dkt_qid_models/dkt_DKT_LIQUID_A5_tiaocan_algebra2005_42_3_0.2_128_0.0001_1_1_0_aab45ed7-1caf-427c-9d32-3ba7c0606c7d/
kj5amgq2,3,0.9168198995335344,0.870866514911065,1742159610.1485612,22,models/dkt_DKT_LIQUID_A5_tiaocan_algebra2005/algebra2005_dkt_qid_models/dkt_DKT_LIQUID_A5_tiaocan_algebra2005_3407_3_0.2_128_0.001_1_1_0_03a38449-0073-42b3-bab6-d3a8275f1ad6/
whpxlayb,1,0.9104447691435644,0.85629005676616,1742159683.8506565,77,models/dkt_DKT_LIQUID_A5_tiaocan_algebra2005/algebra2005_dkt_qid_models/dkt_DKT_LIQUID_A5_tiaocan_algebra2005_3407_1_0.3_64_0.0001_1_1_0_b1a556b3-29b8-41e9-b67c-eb6ab0aa58c6/
8zq3n5pe,3,0.9165831521381512,0.8716133248120409,1742159304.8075857,22,models/dkt_DKT_LIQUID_A5_tiaocan_algebra2005/algebra2005_dkt_qid_models/dkt_DKT_LIQUID_A5_tiaocan_algebra2005_42_3_0.2_128_0.001_1_1_0_4d926802-e016-40d1-b63b-013c38d18d45/
dmon61oy,4,0.8937163741698027,0.8605829970674038,1742160510.767738,198,models/dkt_DKT_LIQUID_A5_tiaocan_algebra2005/algebra2005_dkt_qid_models/dkt_DKT_LIQUID_A5_tiaocan_algebra2005_3407_4_0.2_64_1e-05_1_1_0_8962cb21-5644-4198-893d-e60df3009b85/
283z6g3x,2,0.891599263859472,0.853931126768256,1742160401.5611117,195,models/dkt_DKT_LIQUID_A5_tiaocan_algebra2005/algebra2005_dkt_qid_models/dkt_DKT_LIQUID_A5_tiaocan_algebra2005_3407_2_0.2_64_1e-05_1_1_0_c074d68e-5578-42b6-b2ca-bbcf2c67db25/
zx3tg7fd,1,0.9092727156255168,0.8549105780382104,1742159111.211173,66,models/dkt_DKT_LIQUID_A5_tiaocan_algebra2005/algebra2005_dkt_qid_models/dkt_DKT_LIQUID_A5_tiaocan_algebra2005_42_1_0.3_64_0.0001_1_1_0_052ea175-bf4f-41ac-8cb7-c980b34ca47e/
6gp2c1er,0,0.8909134472906765,0.8460893345487693,1742160130.7547774,194,models/dkt_DKT_LIQUID_A5_tiaocan_algebra2005/algebra2005_dkt_qid_models/dkt_DKT_LIQUID_A5_tiaocan_algebra2005_3407_0_0.2_64_1e-05_1_1_0_15a461f5-ea63-42fb-9167-a899c35b2ffa/
nn4s1fgt,1,0.9164694246126496,0.8612219984129891,1742158626.2762551,35,models/dkt_DKT_LIQUID_A5_tiaocan_algebra2005/algebra2005_dkt_qid_models/dkt_DKT_LIQUID_A5_tiaocan_algebra2005_3407_1_0.3_64_0.001_1_1_0_e843cfd4-05e0-48df-872f-5fd421853302/
c47qa2mh,1,0.9164868545250344,0.8610938167612769,1742158320.3732617,35,models/dkt_DKT_LIQUID_A5_tiaocan_algebra2005/algebra2005_dkt_qid_models/dkt_DKT_LIQUID_A5_tiaocan_algebra2005_42_1_0.3_64_0.001_1_1_0_025e38f1-51c1-4b26-96bc-bf1b92291f43/
uyc8fond,3,0.8922544596221946,0.8585728750026929,1742159007.3871503,193,models/dkt_DKT_LIQUID_A5_tiaocan_algebra2005/algebra2005_dkt_qid_models/dkt_DKT_LIQUID_A5_tiaocan_algebra2005_3407_3_0.2_64_1e-05_1_1_0_de54a208-ff9a-420b-bd67-0c4967a55add/
90zbu7es,1,0.9104466948334674,0.8567600561557712,1742158008.4727423,98,models/dkt_DKT_LIQUID_A5_tiaocan_algebra2005/algebra2005_dkt_qid_models/dkt_DKT_LIQUID_A5_tiaocan_algebra2005_3407_1_0.2_256_1e-05_1_1_0_dcf1ee63-e494-4b58-b7ba-da4e0fd47442/
14t7zmjd,2,0.8931963797053631,0.8552419575072369,1742158788.2559147,194,models/dkt_DKT_LIQUID_A5_tiaocan_algebra2005/algebra2005_dkt_qid_models/dkt_DKT_LIQUID_A5_tiaocan_algebra2005_42_2_0.2_64_1e-05_1_1_0_c2a8db4e-39a3-48c6-b80a-81ec6952ce8d/
9t68s7yo,4,0.8937390605471753,0.8611342945306697,1742158839.3516808,190,models/dkt_DKT_LIQUID_A5_tiaocan_algebra2005/algebra2005_dkt_qid_models/dkt_DKT_LIQUID_A5_tiaocan_algebra2005_42_4_0.2_64_1e-05_1_1_0_49cfe8cf-c850-4245-beab-afc58af96048/
8by13z0q,0,0.8918033039401938,0.848173807353388,1742158489.7412117,195,models/dkt_DKT_LIQUID_A5_tiaocan_algebra2005/algebra2005_dkt_qid_models/dkt_DKT_LIQUID_A5_tiaocan_algebra2005_42_0_0.2_64_1e-05_1_1_0_f8d66749-9f7d-415b-9f53-e62ffc5cafb4/
4lbfvpxz,4,0.9084382742981584,0.8672904495371399,1742157150.3451371,78,models/dkt_DKT_LIQUID_A5_tiaocan_algebra2005/algebra2005_dkt_qid_models/dkt_DKT_LIQUID_A5_tiaocan_algebra2005_3407_4_0.2_64_0.0001_1_1_0_8683249f-c9bc-4df1-8fba-f783f16def1e/
31kkhb9w,2,0.909256707293905,0.8621647823474794,1742157162.616994,88,models/dkt_DKT_LIQUID_A5_tiaocan_algebra2005/algebra2005_dkt_qid_models/dkt_DKT_LIQUID_A5_tiaocan_algebra2005_3407_2_0.2_64_0.0001_1_1_0_2f89c252-8a09-4a75-a3e1-c8fd7ae32f5d/
85esb16w,1,0.9102576498690012,0.8567234328267106,1742157182.5682943,99,models/dkt_DKT_LIQUID_A5_tiaocan_algebra2005/algebra2005_dkt_qid_models/dkt_DKT_LIQUID_A5_tiaocan_algebra2005_42_1_0.2_256_1e-05_1_1_0_90c4c820-9802-4c52-8569-079bed89c14a/
c641973n,0,0.908412159644212,0.8560619872379216,1742156866.829053,82,models/dkt_DKT_LIQUID_A5_tiaocan_algebra2005/algebra2005_dkt_qid_models/dkt_DKT_LIQUID_A5_tiaocan_algebra2005_3407_0_0.2_64_0.0001_1_1_0_75ddb44c-1445-45eb-a5c2-929385e96e11/
8r543ndr,1,0.9188092899827662,0.8626075810291155,1742156324.795668,45,models/dkt_DKT_LIQUID_A5_tiaocan_algebra2005/algebra2005_dkt_qid_models/dkt_DKT_LIQUID_A5_tiaocan_algebra2005_3407_1_0.2_256_0.0001_1_1_0_2df180d2-7998-4437-b719-233e3fba0d53/
2yqd1rsb,4,0.9067936041378062,0.8668157211659941,1742156411.949361,67,models/dkt_DKT_LIQUID_A5_tiaocan_algebra2005/algebra2005_dkt_qid_models/dkt_DKT_LIQUID_A5_tiaocan_algebra2005_42_4_0.2_64_0.0001_1_1_0_40c256e9-561a-4d54-9d12-c4f660dc798d/
3avn2bjv,3,0.893479753215034,0.859714632447454,1742157382.2105868,195,models/dkt_DKT_LIQUID_A5_tiaocan_algebra2005/algebra2005_dkt_qid_models/dkt_DKT_LIQUID_A5_tiaocan_algebra2005_42_3_0.2_64_1e-05_1_1_0_483d9069-c779-4179-865f-64c622b7d198/
51lp6tck,2,0.9069929754990655,0.8605125894368889,1742156344.1348765,66,models/dkt_DKT_LIQUID_A5_tiaocan_algebra2005/algebra2005_dkt_qid_models/dkt_DKT_LIQUID_A5_tiaocan_algebra2005_42_2_0.2_64_0.0001_1_1_0_17810b1e-97b0-4d0f-a755-03b1bc020721/
eahldb1w,1,0.9182372422944954,0.862491607153757,1742155878.240402,39,models/dkt_DKT_LIQUID_A5_tiaocan_algebra2005/algebra2005_dkt_qid_models/dkt_DKT_LIQUID_A5_tiaocan_algebra2005_42_1_0.2_256_0.0001_1_1_0_cde80693-9a0a-4b66-9473-ac269dd62a9d/
cgi4bzny,4,0.9133105442432544,0.870958109049701,1742155759.9328272,26,models/dkt_DKT_LIQUID_A5_tiaocan_algebra2005/algebra2005_dkt_qid_models/dkt_DKT_LIQUID_A5_tiaocan_algebra2005_3407_4_0.2_64_0.001_1_1_0_cbbce02a-ca16-4e1a-958d-0150c44cbe4d/
f1mye02k,0,0.90769853436102,0.855928289273777,1742156117.9645572,76,models/dkt_DKT_LIQUID_A5_tiaocan_algebra2005/algebra2005_dkt_qid_models/dkt_DKT_LIQUID_A5_tiaocan_algebra2005_42_0_0.2_64_0.0001_1_1_0_7f23e584-bad2-46db-90c0-ed64ba08886e/
o7hzm9f6,2,0.9141373926743492,0.865605713037304,1742155702.7209802,34,models/dkt_DKT_LIQUID_A5_tiaocan_algebra2005/algebra2005_dkt_qid_models/dkt_DKT_LIQUID_A5_tiaocan_algebra2005_3407_2_0.2_64_0.001_1_1_0_5d2a304a-7f47-4077-9d70-d834211e4b58/
5nkqbg9o,1,0.9184511954520572,0.8610571934322163,1742155479.56399,10,models/dkt_DKT_LIQUID_A5_tiaocan_algebra2005/algebra2005_dkt_qid_models/dkt_DKT_LIQUID_A5_tiaocan_algebra2005_3407_1_0.2_256_0.001_1_1_0_4401f4db-7eb5-41f6-8340-50206e20e478/
blzlfrct,1,0.9182334226026956,0.8624671916010499,1742155318.8759842,10,models/dkt_DKT_LIQUID_A5_tiaocan_algebra2005/algebra2005_dkt_qid_models/dkt_DKT_LIQUID_A5_tiaocan_algebra2005_42_1_0.2_256_0.001_1_1_0_2d649912-9bf6-42ab-b29b-5b857460400f/
a7590qpa,0,0.9132692132945204,0.8595138255849286,1742155406.1214583,27,models/dkt_DKT_LIQUID_A5_tiaocan_algebra2005/algebra2005_dkt_qid_models/dkt_DKT_LIQUID_A5_tiaocan_algebra2005_3407_0_0.2_64_0.001_1_1_0_b26aefd6-faf2-4175-8dd2-3d926193fd0b/
1x8xtfcl,4,0.9142443475102502,0.8711342179615776,1742155438.9661522,39,models/dkt_DKT_LIQUID_A5_tiaocan_algebra2005/algebra2005_dkt_qid_models/dkt_DKT_LIQUID_A5_tiaocan_algebra2005_42_4_0.2_64_0.001_1_1_0_6b1d17dc-1707-430f-88aa-3c4468e6547a/
4hgyfawt,3,0.9087796656447564,0.8658614524016401,1742155721.1671429,73,models/dkt_DKT_LIQUID_A5_tiaocan_algebra2005/algebra2005_dkt_qid_models/dkt_DKT_LIQUID_A5_tiaocan_algebra2005_3407_3_0.2_64_0.0001_1_1_0_370403c6-4b4c-4a19-a3e2-067ad8a0dbe1/
0qvtjkpp,2,0.9141953258365576,0.8654828226555246,1742155319.315747,38,models/dkt_DKT_LIQUID_A5_tiaocan_algebra2005/algebra2005_dkt_qid_models/dkt_DKT_LIQUID_A5_tiaocan_algebra2005_42_2_0.2_64_0.001_1_1_0_0ce188ce-5f39-4533-abec-6f02a63ae884/
okbdijyj,0,0.9134765116148534,0.8594044363415375,1742155093.515621,33,models/dkt_DKT_LIQUID_A5_tiaocan_algebra2005/algebra2005_dkt_qid_models/dkt_DKT_LIQUID_A5_tiaocan_algebra2005_42_0_0.2_64_0.001_1_1_0_32ff4d1b-504d-484c-934d-764a15c5e592/
9e5mw2hz,3,0.9081195486927782,0.8657681011640181,1742155014.7770903,71,models/dkt_DKT_LIQUID_A5_tiaocan_algebra2005/algebra2005_dkt_qid_models/dkt_DKT_LIQUID_A5_tiaocan_algebra2005_42_3_0.2_64_0.0001_1_1_0_1551125e-2c28-4052-8b00-7073fd12c408/
b6jrygnr,1,0.9038123656747968,0.853573826527498,1742155141.9781225,139,models/dkt_DKT_LIQUID_A5_tiaocan_algebra2005/algebra2005_dkt_qid_models/dkt_DKT_LIQUID_A5_tiaocan_algebra2005_3407_1_0.2_128_1e-05_1_1_0_db5e97a9-f2aa-41aa-89bb-f0dbc124f896/
loslidmc,4,0.9075082569545168,0.8673134202647759,1742155029.1465971,92,models/dkt_DKT_LIQUID_A5_tiaocan_algebra2005/algebra2005_dkt_qid_models/dkt_DKT_LIQUID_A5_tiaocan_algebra2005_3407_4_0.1_256_1e-05_1_1_0_82dafcb6-1eb1-440a-9fd4-9c93e4e9dcb0/
0h4dgsr4,3,0.9149983190726504,0.8695308741266273,1742154339.0099876,34,models/dkt_DKT_LIQUID_A5_tiaocan_algebra2005/algebra2005_dkt_qid_models/dkt_DKT_LIQUID_A5_tiaocan_algebra2005_3407_3_0.2_64_0.001_1_1_0_71a52efc-775b-40a2-907c-e71d03cf8f64/
d22ewizl,2,0.9076529816471832,0.8609085695559561,1742154916.279509,94,models/dkt_DKT_LIQUID_A5_tiaocan_algebra2005/algebra2005_dkt_qid_models/dkt_DKT_LIQUID_A5_tiaocan_algebra2005_3407_2_0.1_256_1e-05_1_1_0_81fe39df-8439-46a2-936f-5a4345d43475/
tac5ux6v,0,0.9072141395124622,0.8554360376785172,1742154728.334459,93,models/dkt_DKT_LIQUID_A5_tiaocan_algebra2005/algebra2005_dkt_qid_models/dkt_DKT_LIQUID_A5_tiaocan_algebra2005_3407_0_0.1_256_1e-05_1_1_0_c0d0f838-3bfc-408d-9d0a-a3400a7f85e1/
ywxg10ix,3,0.9141307838799764,0.8701699710611164,1742153956.3912356,33,models/dkt_DKT_LIQUID_A5_tiaocan_algebra2005/algebra2005_dkt_qid_models/dkt_DKT_LIQUID_A5_tiaocan_algebra2005_42_3_0.2_64_0.001_1_1_0_727e4a39-240f-4688-bb04-2a67b570559a/
k1vro8hl,1,0.905040686440496,0.8533418787767808,1742154154.9382803,142,models/dkt_DKT_LIQUID_A5_tiaocan_algebra2005/algebra2005_dkt_qid_models/dkt_DKT_LIQUID_A5_tiaocan_algebra2005_42_1_0.2_128_1e-05_1_1_0_eee7083a-8da8-437b-9652-ff2820142bb2/
jzdpf5j4,4,0.9073022195728287,0.8666702398909656,1742153963.2045195,93,models/dkt_DKT_LIQUID_A5_tiaocan_algebra2005/algebra2005_dkt_qid_models/dkt_DKT_LIQUID_A5_tiaocan_algebra2005_42_4_0.1_256_1e-05_1_1_0_12231d5c-607d-420e-9d5c-161bb8704fd0/
sj5u7ga0,2,0.9078392146283824,0.8611816592932438,1742153889.1828935,99,models/dkt_DKT_LIQUID_A5_tiaocan_algebra2005/algebra2005_dkt_qid_models/dkt_DKT_LIQUID_A5_tiaocan_algebra2005_42_2_0.1_256_1e-05_1_1_0_7d20ed74-c45d-4aa2-8488-3e0d48c045dc/
7tyhli89,1,0.91539876250695,0.8595983641579686,1742153167.354534,61,models/dkt_DKT_LIQUID_A5_tiaocan_algebra2005/algebra2005_dkt_qid_models/dkt_DKT_LIQUID_A5_tiaocan_algebra2005_3407_1_0.2_128_0.0001_1_1_0_6d8036b3-6a2b-4ede-a867-8393deb668d4/
vveqvofq,0,0.9075314062060892,0.8552233363719234,1742153679.5036488,99,models/dkt_DKT_LIQUID_A5_tiaocan_algebra2005/algebra2005_dkt_qid_models/dkt_DKT_LIQUID_A5_tiaocan_algebra2005_42_0_0.1_256_1e-05_1_1_0_51704257-abff-4b41-ac8b-abe56d131ad7/
hfztdulc,3,0.908527935026007,0.8654090579423951,1742153587.2595618,101,models/dkt_DKT_LIQUID_A5_tiaocan_algebra2005/algebra2005_dkt_qid_models/dkt_DKT_LIQUID_A5_tiaocan_algebra2005_3407_3_0.1_256_1e-05_1_1_0_396fecaa-f465-40ce-9be6-638e37a5a06f/
tkw2z25k,4,0.9173768716403408,0.8734389476343979,1742152896.030332,53,models/dkt_DKT_LIQUID_A5_tiaocan_algebra2005/algebra2005_dkt_qid_models/dkt_DKT_LIQUID_A5_tiaocan_algebra2005_3407_4_0.1_256_0.0001_1_1_0_c0946a90-ebe7-402d-a3fe-2793b20529ed/
h8qqti7j,1,0.9158194500812236,0.8602087529756455,1742152681.8376694,59,models/dkt_DKT_LIQUID_A5_tiaocan_algebra2005/algebra2005_dkt_qid_models/dkt_DKT_LIQUID_A5_tiaocan_algebra2005_42_1_0.2_128_0.0001_1_1_0_3785f88f-ee0d-438d-aad3-6c9f57d1af31/
nh4n52cs,2,0.9169739068394608,0.8663908460320061,1742152764.9196208,46,models/dkt_DKT_LIQUID_A5_tiaocan_algebra2005/algebra2005_dkt_qid_models/dkt_DKT_LIQUID_A5_tiaocan_algebra2005_3407_2_0.1_256_0.0001_1_1_0_f50c4c50-b7e7-48a4-8fad-d3df12e2c052/
ehaigpea,0,0.9162526631452046,0.8614828319659678,1742152579.8638358,47,models/dkt_DKT_LIQUID_A5_tiaocan_algebra2005/algebra2005_dkt_qid_models/dkt_DKT_LIQUID_A5_tiaocan_algebra2005_3407_0_0.1_256_0.0001_1_1_0_95212991-b40d-4bd5-8c12-fef2d0aab0ac/
vk53n6p7,1,0.9187620924283288,0.8627906976744186,1742152218.5223403,22,models/dkt_DKT_LIQUID_A5_tiaocan_algebra2005/algebra2005_dkt_qid_models/dkt_DKT_LIQUID_A5_tiaocan_algebra2005_3407_1_0.2_128_0.001_1_1_0_4d34c657-0675-4873-b6c6-7b18e1aa70f1/
8gcurg8o,1,0.9173062112136262,0.8604345968381859,1742151991.6824205,15,models/dkt_DKT_LIQUID_A5_tiaocan_algebra2005/algebra2005_dkt_qid_models/dkt_DKT_LIQUID_A5_tiaocan_algebra2005_42_1_0.2_128_0.001_1_1_0_3698b0d5-485c-4ce5-b34e-bc1a24c57431/
jvvgx4bo,4,0.9161363080823416,0.8724435494368343,1742152237.095518,46,models/dkt_DKT_LIQUID_A5_tiaocan_algebra2005/algebra2005_dkt_qid_models/dkt_DKT_LIQUID_A5_tiaocan_algebra2005_42_4_0.1_256_0.0001_1_1_0_de9bb336-9217-45e4-b9b3-e62156587a20/
ibsi8ygx,2,0.9173803163061424,0.8666024905784041,1742152182.537377,53,models/dkt_DKT_LIQUID_A5_tiaocan_algebra2005/algebra2005_dkt_qid_models/dkt_DKT_LIQUID_A5_tiaocan_algebra2005_42_2_0.1_256_0.0001_1_1_0_4b166ea4-f547-486c-a113-65a4b29ff899/
ajq9s5q6,0,0.915787482849806,0.8609723488301428,1742152004.5492818,46,models/dkt_DKT_LIQUID_A5_tiaocan_algebra2005/algebra2005_dkt_qid_models/dkt_DKT_LIQUID_A5_tiaocan_algebra2005_42_0_0.1_256_0.0001_1_1_0_da02aecc-6e6b-4737-aea8-ff4c08645175/
4cf8idon,4,0.9167587672720098,0.8723440096170779,1742151657.199543,15,models/dkt_DKT_LIQUID_A5_tiaocan_algebra2005/algebra2005_dkt_qid_models/dkt_DKT_LIQUID_A5_tiaocan_algebra2005_3407_4_0.1_256_0.001_1_1_0_c61ab179-ac7e-4c9c-8d99-9000575f50f7/
gd1adekd,3,0.908408837073414,0.865796824621748,1742152440.6539943,99,models/dkt_DKT_LIQUID_A5_tiaocan_algebra2005/algebra2005_dkt_qid_models/dkt_DKT_LIQUID_A5_tiaocan_algebra2005_42_3_0.1_256_1e-05_1_1_0_aea056c4-de5e-463e-b330-4e51ac3adfd2/
ss7oig02,2,0.915521325617922,0.8657763941231088,1742151524.6787856,10,models/dkt_DKT_LIQUID_A5_tiaocan_algebra2005/algebra2005_dkt_qid_models/dkt_DKT_LIQUID_A5_tiaocan_algebra2005_3407_2_0.1_256_0.001_1_1_0_91fe9b20-60ac-42b3-845c-976acc2bfb60/
3arklzb7,0,0.9147559009693798,0.8604314797933759,1742151433.880761,9,models/dkt_DKT_LIQUID_A5_tiaocan_algebra2005/algebra2005_dkt_qid_models/dkt_DKT_LIQUID_A5_tiaocan_algebra2005_3407_0_0.1_256_0.001_1_1_0_95450f74-dd34-449b-9c2a-ed4a411b3cd0/
q8yjbdkg,4,0.9161584173363398,0.8721219592499292,1742151380.8390036,12,models/dkt_DKT_LIQUID_A5_tiaocan_algebra2005/algebra2005_dkt_qid_models/dkt_DKT_LIQUID_A5_tiaocan_algebra2005_42_4_0.1_256_0.001_1_1_0_52526e6f-75f4-41c2-9363-143db71cc7f2/
ls98jsel,2,0.9149455967195828,0.865851493800863,1742151302.4533262,10,models/dkt_DKT_LIQUID_A5_tiaocan_algebra2005/algebra2005_dkt_qid_models/dkt_DKT_LIQUID_A5_tiaocan_algebra2005_42_2_0.1_256_0.001_1_1_0_fec94efc-38ec-4d41-8f1f-d1f60f5d92d3/
xkrdcac8,0,0.9149880901531248,0.8610331206320267,1742151230.3527362,10,models/dkt_DKT_LIQUID_A5_tiaocan_algebra2005/algebra2005_dkt_qid_models/dkt_DKT_LIQUID_A5_tiaocan_algebra2005_42_0_0.1_256_0.001_1_1_0_1d8d253f-b130-435f-96c6-07d12b5b05fc/
nh77lkrw,3,0.9177543317046007,0.8711681112172284,1742151318.6097815,52,models/dkt_DKT_LIQUID_A5_tiaocan_algebra2005/algebra2005_dkt_qid_models/dkt_DKT_LIQUID_A5_tiaocan_algebra2005_3407_3_0.1_256_0.0001_1_1_0_95edb077-161d-4c17-adfe-1912b73cd16d/
sj6dw4dy,1,0.8946024938630268,0.8477018861014466,1742151814.9571953,198,models/dkt_DKT_LIQUID_A5_tiaocan_algebra2005/algebra2005_dkt_qid_models/dkt_DKT_LIQUID_A5_tiaocan_algebra2005_3407_1_0.2_64_1e-05_1_1_0_f5b08158-508c-40f0-a532-7241133371b2/
tqk2eaw1,3,0.9171010395401716,0.8711034834373362,1742150684.57042,46,models/dkt_DKT_LIQUID_A5_tiaocan_algebra2005/algebra2005_dkt_qid_models/dkt_DKT_LIQUID_A5_tiaocan_algebra2005_42_3_0.1_256_0.0001_1_1_0_0e487366-75bd-47e6-8bcb-c7303ed3f0e9/
uaffsqlg,3,0.9156293810218188,0.8703494926719278,1742150100.9081075,8,models/dkt_DKT_LIQUID_A5_tiaocan_algebra2005/algebra2005_dkt_qid_models/dkt_DKT_LIQUID_A5_tiaocan_algebra2005_3407_3_0.1_256_0.001_1_1_0_4ba0c543-4839-4679-aa83-115b85f2c792/
kdnaki6u,4,0.9013485542736438,0.8643042549444491,1742151143.36665,127,models/dkt_DKT_LIQUID_A5_tiaocan_algebra2005/algebra2005_dkt_qid_models/dkt_DKT_LIQUID_A5_tiaocan_algebra2005_3407_4_0.1_128_1e-05_1_1_0_e398e070-1084-48bc-9ee2-558a75886a8d/
4tg2du08,2,0.9024008919151788,0.8587648151182479,1742151076.8923628,137,models/dkt_DKT_LIQUID_A5_tiaocan_algebra2005/algebra2005_dkt_qid_models/dkt_DKT_LIQUID_A5_tiaocan_algebra2005_3407_2_0.1_128_1e-05_1_1_0_5e72d992-628c-458e-9356-1c29fff74841/
v4skxp7r,0,0.9020444822242693,0.8526283804314798,1742151011.890828,145,models/dkt_DKT_LIQUID_A5_tiaocan_algebra2005/algebra2005_dkt_qid_models/dkt_DKT_LIQUID_A5_tiaocan_algebra2005_3407_0_0.1_128_1e-05_1_1_0_cbb243c4-5bb2-4a2a-b34a-1bb51abdf520/
azonarnh,3,0.916241948957105,0.8708880575043624,1742149902.134924,10,models/dkt_DKT_LIQUID_A5_tiaocan_algebra2005/algebra2005_dkt_qid_models/dkt_DKT_LIQUID_A5_tiaocan_algebra2005_42_3_0.1_256_0.001_1_1_0_170f474c-a9ff-4c08-8898-2a9d3d0d4741/
x470699e,1,0.8966755026384968,0.8490996764939266,1742150537.836451,198,models/dkt_DKT_LIQUID_A5_tiaocan_algebra2005/algebra2005_dkt_qid_models/dkt_DKT_LIQUID_A5_tiaocan_algebra2005_42_1_0.2_64_1e-05_1_1_0_8cd5cd48-7d19-43fe-b797-d70b637e7738/
5wxrod2t,1,0.9118291465940908,0.857004211682842,1742149268.3097744,89,models/dkt_DKT_LIQUID_A5_tiaocan_algebra2005/algebra2005_dkt_qid_models/dkt_DKT_LIQUID_A5_tiaocan_algebra2005_3407_1_0.2_64_0.0001_1_1_0_a2853cb0-5c26-43da-9ef7-0522cc1656a7/
a7iinml5,4,0.9031282398975676,0.8653302807788608,1742149887.3681054,140,models/dkt_DKT_LIQUID_A5_tiaocan_algebra2005/algebra2005_dkt_qid_models/dkt_DKT_LIQUID_A5_tiaocan_algebra2005_42_4_0.1_128_1e-05_1_1_0_e6727b96-03fa-499f-9f0a-043e7b25eb99/
oylbh2hs,2,0.9022436417683172,0.8584917253809602,1742149802.10932,140,models/dkt_DKT_LIQUID_A5_tiaocan_algebra2005/algebra2005_dkt_qid_models/dkt_DKT_LIQUID_A5_tiaocan_algebra2005_42_2_0.1_128_1e-05_1_1_0_c5aa132b-4471-4b69-b0f1-1d4a6f8d7a61/
78b8i85x,3,0.902499705689204,0.8633409689858466,1742149680.0160344,137,models/dkt_DKT_LIQUID_A5_tiaocan_algebra2005/algebra2005_dkt_qid_models/dkt_DKT_LIQUID_A5_tiaocan_algebra2005_3407_3_0.1_128_1e-05_1_1_0_046a05b1-4380-4f29-9978-f8c8cfb7d169/
h8nw3rls,0,0.9026744413447584,0.8533880279550289,1742149702.4130156,148,models/dkt_DKT_LIQUID_A5_tiaocan_algebra2005/algebra2005_dkt_qid_models/dkt_DKT_LIQUID_A5_tiaocan_algebra2005_42_0_0.1_128_1e-05_1_1_0_60bea10c-336a-4748-b639-5eb22a007cf0/
o6scuyox,1,0.9099441021066836,0.8553866813159983,1742148632.9861913,72,models/dkt_DKT_LIQUID_A5_tiaocan_algebra2005/algebra2005_dkt_qid_models/dkt_DKT_LIQUID_A5_tiaocan_algebra2005_42_1_0.2_64_0.0001_1_1_0_9a4c8e6b-1832-4683-b36e-3d0988bb2a89/
9vzeydy9,4,0.9121816188385728,0.8700009953981975,1742148577.5238383,59,models/dkt_DKT_LIQUID_A5_tiaocan_algebra2005/algebra2005_dkt_qid_models/dkt_DKT_LIQUID_A5_tiaocan_algebra2005_3407_4_0.1_128_0.0001_1_1_0_86e05d78-7ec1-404a-99bc-023a43a8b053/
ulqwmdpj,2,0.9126260203030172,0.8639262111529848,1742148543.8306465,58,models/dkt_DKT_LIQUID_A5_tiaocan_algebra2005/algebra2005_dkt_qid_models/dkt_DKT_LIQUID_A5_tiaocan_algebra2005_3407_2_0.1_128_0.0001_1_1_0_25a527ab-1bf2-492f-bb0d-3f953f3078d4/
hmerzbx9,1,0.9159283958432494,0.8609168040041506,1742148102.0693617,29,models/dkt_DKT_LIQUID_A5_tiaocan_algebra2005/algebra2005_dkt_qid_models/dkt_DKT_LIQUID_A5_tiaocan_algebra2005_3407_1_0.2_64_0.001_1_1_0_378fe83a-37ae-4541-9071-809ed377fb1f/
oiaqv3bk,0,0.9120107696573458,0.8585779398359161,1742148347.3639295,57,models/dkt_DKT_LIQUID_A5_tiaocan_algebra2005/algebra2005_dkt_qid_models/dkt_DKT_LIQUID_A5_tiaocan_algebra2005_3407_0_0.1_128_0.0001_1_1_0_4587c9bf-cb69-475c-9250-d7bebfcf390f/
iwi990u5,1,0.915598628259833,0.8604101812854789,1742147842.9065866,29,models/dkt_DKT_LIQUID_A5_tiaocan_algebra2005/algebra2005_dkt_qid_models/dkt_DKT_LIQUID_A5_tiaocan_algebra2005_42_1_0.2_64_0.001_1_1_0_1d10fece-6d8d-48b8-88b1-f0c5975e4e86/
wqiw6s1q,4,0.9123555505732616,0.8705293221338275,1742147968.0900197,54,models/dkt_DKT_LIQUID_A5_tiaocan_algebra2005/algebra2005_dkt_qid_models/dkt_DKT_LIQUID_A5_tiaocan_algebra2005_42_4_0.1_128_0.0001_1_1_0_46731374-ad07-4152-baaa-db85cc1fb068/
lc92qf8s,2,0.913064441771782,0.8642675733245945,1742147940.3808684,57,models/dkt_DKT_LIQUID_A5_tiaocan_algebra2005/algebra2005_dkt_qid_models/dkt_DKT_LIQUID_A5_tiaocan_algebra2005_42_2_0.1_128_0.0001_1_1_0_df07a877-164b-4658-82e8-98bb7d1f76df/
6eyg1l08,0,0.9117966688644756,0.8586508659981769,1742147757.985628,51,models/dkt_DKT_LIQUID_A5_tiaocan_algebra2005/algebra2005_dkt_qid_models/dkt_DKT_LIQUID_A5_tiaocan_algebra2005_42_0_0.1_128_0.0001_1_1_0_94b0e9c8-6818-4ca1-b41c-9d589b4448a8/
653nni88,4,0.9156470081097244,0.8722980681618058,1742147375.7599957,20,models/dkt_DKT_LIQUID_A5_tiaocan_algebra2005/algebra2005_dkt_qid_models/dkt_DKT_LIQUID_A5_tiaocan_algebra2005_3407_4_0.1_128_0.001_1_1_0_7e5d5b67-6cff-43db-a44c-65254d6ecac5/
2rrecsem,2,0.915768008379929,0.865318968813152,1742147330.6926498,22,models/dkt_DKT_LIQUID_A5_tiaocan_algebra2005/algebra2005_dkt_qid_models/dkt_DKT_LIQUID_A5_tiaocan_algebra2005_3407_2_0.1_128_0.001_1_1_0_995a571b-ab08-4a6b-9fb6-0537022480b7/
j4cbwrg1,3,0.9035401583240004,0.8634702245456308,1742148390.1114898,148,models/dkt_DKT_LIQUID_A5_tiaocan_algebra2005/algebra2005_dkt_qid_models/dkt_DKT_LIQUID_A5_tiaocan_algebra2005_42_3_0.1_128_1e-05_1_1_0_0738d90c-52af-45ea-9d4e-d6478c82af8b/
wmncyi2n,0,0.915031258117118,0.8608994226678821,1742147208.8008287,15,models/dkt_DKT_LIQUID_A5_tiaocan_algebra2005/algebra2005_dkt_qid_models/dkt_DKT_LIQUID_A5_tiaocan_algebra2005_3407_0_0.1_128_0.001_1_1_0_d69ec46f-5937-42dd-8ac5-2d276fa4535b/
ap97x0ao,2,0.9153583502123924,0.8659061117483206,1742147040.6870348,17,models/dkt_DKT_LIQUID_A5_tiaocan_algebra2005/algebra2005_dkt_qid_models/dkt_DKT_LIQUID_A5_tiaocan_algebra2005_42_2_0.1_128_0.001_1_1_0_cc95bf12-de79-48d6-ac11-87a271d4ef8e/
xt4xot4o,4,0.9156659345858906,0.8731173574474927,1742147087.6413603,25,models/dkt_DKT_LIQUID_A5_tiaocan_algebra2005/algebra2005_dkt_qid_models/dkt_DKT_LIQUID_A5_tiaocan_algebra2005_42_4_0.1_128_0.001_1_1_0_22d70e30-2b0d-4ad8-bf38-2802bd6e40bf/
ingezki9,0,0.914141604047825,0.8602066241264054,1742146974.7371104,13,models/dkt_DKT_LIQUID_A5_tiaocan_algebra2005/algebra2005_dkt_qid_models/dkt_DKT_LIQUID_A5_tiaocan_algebra2005_42_0_0.1_128_0.001_1_1_0_45625902-5089-4d74-ab9c-bc29f063337b/
gjswwknm,1,0.9105724798860472,0.8569065494720137,1742147580.5846632,98,models/dkt_DKT_LIQUID_A5_tiaocan_algebra2005/algebra2005_dkt_qid_models/dkt_DKT_LIQUID_A5_tiaocan_algebra2005_3407_1_0.1_256_1e-05_1_1_0_b15fe0f7-5b9e-424d-80ef-1df2a8cf4199/
9doxrojx,3,0.9130259980703356,0.8686691703947321,1742147005.5753987,59,models/dkt_DKT_LIQUID_A5_tiaocan_algebra2005/algebra2005_dkt_qid_models/dkt_DKT_LIQUID_A5_tiaocan_algebra2005_3407_3_0.1_128_0.0001_1_1_0_11f2a089-4cef-413a-b3bf-988f0f5d7b9c/
o2zd1z8q,1,0.9103673405210784,0.8567539522675944,1742146735.5584593,99,models/dkt_DKT_LIQUID_A5_tiaocan_algebra2005/algebra2005_dkt_qid_models/dkt_DKT_LIQUID_A5_tiaocan_algebra2005_42_1_0.1_256_1e-05_1_1_0_d92f4cd6-52a9-4a4e-8df8-50a16ef62285/
52a3ljm6,3,0.9131130231280216,0.8684609253261908,1742146393.9849408,55,models/dkt_DKT_LIQUID_A5_tiaocan_algebra2005/algebra2005_dkt_qid_models/dkt_DKT_LIQUID_A5_tiaocan_algebra2005_42_3_0.1_128_0.0001_1_1_0_d7711e45-aefc-424a-9a33-c31903c32d76/
ejd1qffb,3,0.9159035038903044,0.8709167809620922,1742145808.183049,16,models/dkt_DKT_LIQUID_A5_tiaocan_algebra2005/algebra2005_dkt_qid_models/dkt_DKT_LIQUID_A5_tiaocan_algebra2005_3407_3_0.1_128_0.001_1_1_0_738705e3-7e0b-4d4f-ad4f-38270a2714dc/
rn4pa467,1,0.918863577040695,0.8627174510162974,1742145876.4614766,45,models/dkt_DKT_LIQUID_A5_tiaocan_algebra2005/algebra2005_dkt_qid_models/dkt_DKT_LIQUID_A5_tiaocan_algebra2005_3407_1_0.1_256_0.0001_1_1_0_6e3d3a57-719a-4a47-aa67-b2f5f708c602/
tawulymy,3,0.9155094548639816,0.8706726315713885,1742145554.471804,15,models/dkt_DKT_LIQUID_A5_tiaocan_algebra2005/algebra2005_dkt_qid_models/dkt_DKT_LIQUID_A5_tiaocan_algebra2005_42_3_0.1_128_0.001_1_1_0_2595a49f-afbc-4868-8e6e-093fe4aec679/
e63d4186,2,0.8919575560867378,0.8541359440712218,1742146798.825919,196,models/dkt_DKT_LIQUID_A5_tiaocan_algebra2005/algebra2005_dkt_qid_models/dkt_DKT_LIQUID_A5_tiaocan_algebra2005_3407_2_0.1_64_1e-05_1_1_0_63a3eb7b-2f39-4a02-a521-7b0106709b40/
qb1bpr4e,0,0.8908964900978792,0.8460285627468854,1742146761.530394,192,models/dkt_DKT_LIQUID_A5_tiaocan_algebra2005/algebra2005_dkt_qid_models/dkt_DKT_LIQUID_A5_tiaocan_algebra2005_3407_0_0.1_64_1e-05_1_1_0_f6fb9956-2fc9-44d2-bba0-956e5766ce82/
znkx5a1h,4,0.8940462539424263,0.8605829970674038,1742146765.890621,199,models/dkt_DKT_LIQUID_A5_tiaocan_algebra2005/algebra2005_dkt_qid_models/dkt_DKT_LIQUID_A5_tiaocan_algebra2005_3407_4_0.1_64_1e-05_1_1_0_5f080f21-4f9b-46cb-b61f-0dbfa79c7240/
5jzfmip6,1,0.9188474778470485,0.8632912165049136,1742145439.6611829,45,models/dkt_DKT_LIQUID_A5_tiaocan_algebra2005/algebra2005_dkt_qid_models/dkt_DKT_LIQUID_A5_tiaocan_algebra2005_42_1_0.1_256_0.0001_1_1_0_146c771b-6118-4a59-bb00-c7704bbdd35f/
uuk5pv69,1,0.9183927739525524,0.861698101690777,1742145012.3433118,11,models/dkt_DKT_LIQUID_A5_tiaocan_algebra2005/algebra2005_dkt_qid_models/dkt_DKT_LIQUID_A5_tiaocan_algebra2005_3407_1_0.1_256_0.001_1_1_0_a0643ece-a06c-4c44-826a-d2da87f99b65/
z2hmj04z,1,0.9182713416958772,0.8632240737349691,1742144835.8325222,13,models/dkt_DKT_LIQUID_A5_tiaocan_algebra2005/algebra2005_dkt_qid_models/dkt_DKT_LIQUID_A5_tiaocan_algebra2005_42_1_0.1_256_0.001_1_1_0_40427167-3c1a-497e-9fad-ff7450a4d44a/
bzz5f8wr,1,0.9039215488749646,0.8536104498565587,1742144647.1676912,139,models/dkt_DKT_LIQUID_A5_tiaocan_algebra2005/algebra2005_dkt_qid_models/dkt_DKT_LIQUID_A5_tiaocan_algebra2005_3407_1_0.1_128_1e-05_1_1_0_16ec1fca-66de-4ff5-b598-543594e908dc/
dzx7aoop,3,0.8925167729215838,0.8586446836470174,1742145305.1280873,193,models/dkt_DKT_LIQUID_A5_tiaocan_algebra2005/algebra2005_dkt_qid_models/dkt_DKT_LIQUID_A5_tiaocan_algebra2005_3407_3_0.1_64_1e-05_1_1_0_ad1643a1-7356-4609-9984-2c5cdf0f3576/
4rr0bmqn,2,0.8939744657080331,0.8555082200010924,1742145188.064098,200,models/dkt_DKT_LIQUID_A5_tiaocan_algebra2005/algebra2005_dkt_qid_models/dkt_DKT_LIQUID_A5_tiaocan_algebra2005_42_2_0.1_64_1e-05_1_1_0_4996793a-a7d3-4d63-8092-25e9b0b33c84/
s5baal90,0,0.8915318076552468,0.8480522637496202,1742145099.582372,191,models/dkt_DKT_LIQUID_A5_tiaocan_algebra2005/algebra2005_dkt_qid_models/dkt_DKT_LIQUID_A5_tiaocan_algebra2005_42_0_0.1_64_1e-05_1_1_0_2d252e0d-edbf-41dc-ab75-b4fb963d2a85/
m6d2xpb0,4,0.8943824346640034,0.8614176001715148,1742145078.402364,195,models/dkt_DKT_LIQUID_A5_tiaocan_algebra2005/algebra2005_dkt_qid_models/dkt_DKT_LIQUID_A5_tiaocan_algebra2005_42_4_0.1_64_1e-05_1_1_0_a47b675a-8f31-4f47-bbc0-e6d0315d35c3/
6dx1hr8y,4,0.907833695165312,0.8669152609857504,1742143405.4245038,71,models/dkt_DKT_LIQUID_A5_tiaocan_algebra2005/algebra2005_dkt_qid_models/dkt_DKT_LIQUID_A5_tiaocan_algebra2005_3407_4_0.1_64_0.0001_1_1_0_37331f73-0305-4a7b-bb40-1fa6bf0d9867/
ut962jrn,0,0.9086579277105946,0.856098450319052,1742143469.2864804,83,models/dkt_DKT_LIQUID_A5_tiaocan_algebra2005/algebra2005_dkt_qid_models/dkt_DKT_LIQUID_A5_tiaocan_algebra2005_3407_0_0.1_64_0.0001_1_1_0_9ab1a114-ebc5-4781-a45b-04a781c11cbe/
6225y8hc,2,0.9093689783344354,0.862472008301928,1742143527.7856574,88,models/dkt_DKT_LIQUID_A5_tiaocan_algebra2005/algebra2005_dkt_qid_models/dkt_DKT_LIQUID_A5_tiaocan_algebra2005_3407_2_0.1_64_0.0001_1_1_0_bfbb1671-3bd8-45cc-b5c9-899a02fad379/
88exp807,1,0.9048798769097808,0.8532503204541293,1742143649.3181648,139,models/dkt_DKT_LIQUID_A5_tiaocan_algebra2005/algebra2005_dkt_qid_models/dkt_DKT_LIQUID_A5_tiaocan_algebra2005_42_1_0.1_128_1e-05_1_1_0_23623538-3555-48a6-913b-62e56dbdf1b5/
dnhe1yvn,1,0.915673156053938,0.8600195324421657,1742142640.513939,63,models/dkt_DKT_LIQUID_A5_tiaocan_algebra2005/algebra2005_dkt_qid_models/dkt_DKT_LIQUID_A5_tiaocan_algebra2005_3407_1_0.1_128_0.0001_1_1_0_bcff31b5-44d4-4c85-a5af-5abf430bf98a/
2m3tteam,4,0.9069746776060066,0.8668693195304783,1742142705.946001,67,models/dkt_DKT_LIQUID_A5_tiaocan_algebra2005/algebra2005_dkt_qid_models/dkt_DKT_LIQUID_A5_tiaocan_algebra2005_42_4_0.1_64_0.0001_1_1_0_1ccec602-3fec-4bdf-94ef-637e63f27533/
rw6r5t8h,2,0.9073392154959848,0.8605808618712109,1742142694.1073406,68,models/dkt_DKT_LIQUID_A5_tiaocan_algebra2005/algebra2005_dkt_qid_models/dkt_DKT_LIQUID_A5_tiaocan_algebra2005_42_2_0.1_64_0.0001_1_1_0_7b492c19-d1c6-4fd4-959c-f328f9b502e2/
k97keo3j,0,0.9076590769811604,0.8559100577332118,1742142701.3690295,74,models/dkt_DKT_LIQUID_A5_tiaocan_algebra2005/algebra2005_dkt_qid_models/dkt_DKT_LIQUID_A5_tiaocan_algebra2005_42_0_0.1_64_0.0001_1_1_0_0c982350-1746-42c1-b9f7-546b6cd66a9e/
8wdxfr81,3,0.8936682160356125,0.859807983685076,1742143640.3656983,195,models/dkt_DKT_LIQUID_A5_tiaocan_algebra2005/algebra2005_dkt_qid_models/dkt_DKT_LIQUID_A5_tiaocan_algebra2005_42_3_0.1_64_1e-05_1_1_0_e03cd59a-11c5-412c-960b-66df2b622d5d/
w56k87g8,2,0.9132607480949416,0.8647386531214157,1742142025.9403384,24,models/dkt_DKT_LIQUID_A5_tiaocan_algebra2005/algebra2005_dkt_qid_models/dkt_DKT_LIQUID_A5_tiaocan_algebra2005_3407_2_0.1_64_0.001_1_1_0_50c3e6b1-0f0e-46cc-9963-8cc0b9d80d3e/
hx8rijwc,1,0.915913928537543,0.8602942074101202,1742142148.480362,59,models/dkt_DKT_LIQUID_A5_tiaocan_algebra2005/algebra2005_dkt_qid_models/dkt_DKT_LIQUID_A5_tiaocan_algebra2005_42_1_0.1_128_0.0001_1_1_0_b6714ece-d323-49ff-998f-3b5ba63d106b/
x96ly2h2,4,0.9140074308126508,0.8715859756050872,1742142041.6786015,32,models/dkt_DKT_LIQUID_A5_tiaocan_algebra2005/algebra2005_dkt_qid_models/dkt_DKT_LIQUID_A5_tiaocan_algebra2005_3407_4_0.1_64_0.001_1_1_0_5fbabbc6-e703-4494-a2e0-9aa74fcd2f82/
bf69s30e,0,0.913322298413042,0.8597143725311456,1742141995.432763,28,models/dkt_DKT_LIQUID_A5_tiaocan_algebra2005/algebra2005_dkt_qid_models/dkt_DKT_LIQUID_A5_tiaocan_algebra2005_3407_0_0.1_64_0.001_1_1_0_af58cfac-f9d6-4241-8319-81f438600102/
ow3c1pr1,1,0.9181044277414836,0.8616736861380699,1742141678.913237,17,models/dkt_DKT_LIQUID_A5_tiaocan_algebra2005/algebra2005_dkt_qid_models/dkt_DKT_LIQUID_A5_tiaocan_algebra2005_3407_1_0.1_128_0.001_1_1_0_adcbdf78-7166-4c93-9fc0-834b53acac9d/
985no29h,2,0.9130666227954508,0.8644109454366705,1742141741.4455624,29,models/dkt_DKT_LIQUID_A5_tiaocan_algebra2005/algebra2005_dkt_qid_models/dkt_DKT_LIQUID_A5_tiaocan_algebra2005_42_2_0.1_64_0.001_1_1_0_350b9a27-aae2-44c0-bdbf-a99aece92ddf/
fywu1et0,0,0.9126103885682342,0.8590519598906108,1742141666.6711245,27,models/dkt_DKT_LIQUID_A5_tiaocan_algebra2005/algebra2005_dkt_qid_models/dkt_DKT_LIQUID_A5_tiaocan_algebra2005_42_0_0.1_64_0.001_1_1_0_633cd551-25a5-4efb-9ab4-a4ca7b939ca8/
b4zlko67,3,0.9090126649475216,0.8658614524016401,1742141974.0334387,74,models/dkt_DKT_LIQUID_A5_tiaocan_algebra2005/algebra2005_dkt_qid_models/dkt_DKT_LIQUID_A5_tiaocan_algebra2005_3407_3_0.1_64_0.0001_1_1_0_72b79094-35fd-4706-aa6b-930529497653/
ww46fdq1,1,0.9176027215687792,0.8616004394799487,1742141482.5473878,17,models/dkt_DKT_LIQUID_A5_tiaocan_algebra2005/algebra2005_dkt_qid_models/dkt_DKT_LIQUID_A5_tiaocan_algebra2005_42_1_0.1_128_0.001_1_1_0_5ec3a5d0-b82c-4a1c-80fd-d7f983708eab/
zmpzavft,4,0.914202680369128,0.8710423350510333,1742141674.2599428,38,models/dkt_DKT_LIQUID_A5_tiaocan_algebra2005/algebra2005_dkt_qid_models/dkt_DKT_LIQUID_A5_tiaocan_algebra2005_42_4_0.1_64_0.001_1_1_0_d850c382-edfa-4020-86c8-f9f0bf76be0d/
aavnigzn,3,0.908266273000669,0.8655670369599092,1742141286.4178288,71,models/dkt_DKT_LIQUID_A5_tiaocan_algebra2005/algebra2005_dkt_qid_models/dkt_DKT_LIQUID_A5_tiaocan_algebra2005_42_3_0.1_64_0.0001_1_1_0_87971c4c-b8e0-4f8f-b29f-afb4068deaa9/
y0y29b7z,2,0.9077085418373266,0.8609358785296849,1742141406.2174616,94,models/dkt_DKT_LIQUID_A5_tiaocan_algebra2005/algebra2005_dkt_qid_models/dkt_DKT_LIQUID_A5_tiaocan_algebra2005_3407_2_0.05_256_1e-05_1_1_0_dcf362c7-ed8d-481c-8fce-73f78e0a096c/
llz2zf8p,0,0.9072680789488072,0.8555150410209663,1742141339.489817,93,models/dkt_DKT_LIQUID_A5_tiaocan_algebra2005/algebra2005_dkt_qid_models/dkt_DKT_LIQUID_A5_tiaocan_algebra2005_3407_0_0.05_256_1e-05_1_1_0_23c49837-704c-4008-8735-0dd22879dcbc/
5jk6jpc6,3,0.9142057943426862,0.8690282136163552,1742140592.01221,26,models/dkt_DKT_LIQUID_A5_tiaocan_algebra2005/algebra2005_dkt_qid_models/dkt_DKT_LIQUID_A5_tiaocan_algebra2005_3407_3_0.1_64_0.001_1_1_0_9808d209-84fa-45ea-827e-dcf03a69eca7/
ooamsk3i,4,0.9075523152917088,0.8674129600845323,1742141259.854027,92,models/dkt_DKT_LIQUID_A5_tiaocan_algebra2005/algebra2005_dkt_qid_models/dkt_DKT_LIQUID_A5_tiaocan_algebra2005_3407_4_0.05_256_1e-05_1_1_0_314c05e3-dc1e-4d54-95c0-989572a88f5f/
h5n8f2xy,1,0.8940898621628377,0.8473417566990172,1742141284.7476475,192,models/dkt_DKT_LIQUID_A5_tiaocan_algebra2005/algebra2005_dkt_qid_models/dkt_DKT_LIQUID_A5_tiaocan_algebra2005_3407_1_0.1_64_1e-05_1_1_0_4bd0778a-3fae-462c-adef-403e331cbc42/
i2hkvlx3,3,0.9142687903410928,0.8698970982126828,1742140273.0396483,34,models/dkt_DKT_LIQUID_A5_tiaocan_algebra2005/algebra2005_dkt_qid_models/dkt_DKT_LIQUID_A5_tiaocan_algebra2005_42_3_0.1_64_0.001_1_1_0_1f12c6de-0f6a-4f64-95bc-bd927ca37b2d/
57298c08,2,0.9078815461745728,0.8612089682669726,1742140349.1558564,99,models/dkt_DKT_LIQUID_A5_tiaocan_algebra2005/algebra2005_dkt_qid_models/dkt_DKT_LIQUID_A5_tiaocan_algebra2005_42_2_0.05_256_1e-05_1_1_0_dc850e64-669b-4df9-97bc-7308780f7924/
x17jli5a,0,0.907582043487597,0.855278030993619,1742140294.601659,99,models/dkt_DKT_LIQUID_A5_tiaocan_algebra2005/algebra2005_dkt_qid_models/dkt_DKT_LIQUID_A5_tiaocan_algebra2005_42_0_0.05_256_1e-05_1_1_0_5067e2bb-f6d4-421a-b904-835707133691/
y60c26ov,4,0.9073405199864556,0.8666778968001776,1742140182.8942068,93,models/dkt_DKT_LIQUID_A5_tiaocan_algebra2005/algebra2005_dkt_qid_models/dkt_DKT_LIQUID_A5_tiaocan_algebra2005_42_4_0.05_256_1e-05_1_1_0_66ecc6a3-a7af-45f5-a04a-abff0869abaa/
ayhva1in,3,0.908592542875421,0.86542341967126,1742139897.7875426,101,models/dkt_DKT_LIQUID_A5_tiaocan_algebra2005/algebra2005_dkt_qid_models/dkt_DKT_LIQUID_A5_tiaocan_algebra2005_3407_3_0.05_256_1e-05_1_1_0_ffab3bf5-3015-4976-9dac-ba36fffd2fca/
64enhge2,1,0.8968367189651019,0.8492705853628761,1742139958.9766517,198,models/dkt_DKT_LIQUID_A5_tiaocan_algebra2005/algebra2005_dkt_qid_models/dkt_DKT_LIQUID_A5_tiaocan_algebra2005_42_1_0.1_64_1e-05_1_1_0_6f18924c-511a-4236-b2f2-085cc4d9299a/
msvvabfi,2,0.9170003109037508,0.866281610137091,1742139245.4763987,46,models/dkt_DKT_LIQUID_A5_tiaocan_algebra2005/algebra2005_dkt_qid_models/dkt_DKT_LIQUID_A5_tiaocan_algebra2005_3407_2_0.05_256_0.0001_1_1_0_418b6df9-b3ac-48a0-98eb-6ab6504d19b9/
k2fxbb8c,0,0.9161666013587072,0.861330902461258,1742139196.0698564,46,models/dkt_DKT_LIQUID_A5_tiaocan_algebra2005/algebra2005_dkt_qid_models/dkt_DKT_LIQUID_A5_tiaocan_algebra2005_3407_0_0.05_256_0.0001_1_1_0_aab5b353-2c75-450a-9459-4da30727e64c/
91eksaul,4,0.9164865241632256,0.8725660599842268,1742139112.6063726,44,models/dkt_DKT_LIQUID_A5_tiaocan_algebra2005/algebra2005_dkt_qid_models/dkt_DKT_LIQUID_A5_tiaocan_algebra2005_3407_4_0.05_256_0.0001_1_1_0_206f823f-7cd6-46a1-b6d4-ec4f35a7fbb8/
30iw58se,1,0.9108825599863488,0.8567539522675944,1742138677.2129076,79,models/dkt_DKT_LIQUID_A5_tiaocan_algebra2005/algebra2005_dkt_qid_models/dkt_DKT_LIQUID_A5_tiaocan_algebra2005_3407_1_0.1_64_0.0001_1_1_0_eee405e1-6fff-4700-9a0e-a373a15526b3/
max35thv,0,0.9158144013707524,0.8609845031905196,1742138620.8838985,46,models/dkt_DKT_LIQUID_A5_tiaocan_algebra2005/algebra2005_dkt_qid_models/dkt_DKT_LIQUID_A5_tiaocan_algebra2005_42_0_0.05_256_0.0001_1_1_0_953f1bff-40f9-4713-b7e7-ca1a8a1cc16b/
5ovlfo16,2,0.9173850092555754,0.8665683543612431,1742138661.369935,53,models/dkt_DKT_LIQUID_A5_tiaocan_algebra2005/algebra2005_dkt_qid_models/dkt_DKT_LIQUID_A5_tiaocan_algebra2005_42_2_0.05_256_0.0001_1_1_0_33ef67b8-b885-40ea-9e0a-df4e14e64bcd/
cw9s8e9e,4,0.9161639117482736,0.87235166652629,1742138535.7567954,46,models/dkt_DKT_LIQUID_A5_tiaocan_algebra2005/algebra2005_dkt_qid_models/dkt_DKT_LIQUID_A5_tiaocan_algebra2005_42_4_0.05_256_0.0001_1_1_0_b3f1dba1-b16b-4118-9fc9-1544f1f7e638/
psvlt3q2,0,0.9144654428043838,0.8602673959282893,1742138047.928973,9,models/dkt_DKT_LIQUID_A5_tiaocan_algebra2005/algebra2005_dkt_qid_models/dkt_DKT_LIQUID_A5_tiaocan_algebra2005_3407_0_0.05_256_0.001_1_1_0_1dbd513c-6bb8-4237-a8f2-1a397f9d63d7/
p50vzf8h,2,0.9151751666582508,0.8654213774646349,1742138010.2171073,9,models/dkt_DKT_LIQUID_A5_tiaocan_algebra2005/algebra2005_dkt_qid_models/dkt_DKT_LIQUID_A5_tiaocan_algebra2005_3407_2_0.05_256_0.001_1_1_0_b4ace9c6-1e05-49e9-9472-02de26c811a9/
04gpw7pg,4,0.915229765557231,0.871517063422179,1742137943.657971,9,models/dkt_DKT_LIQUID_A5_tiaocan_algebra2005/algebra2005_dkt_qid_models/dkt_DKT_LIQUID_A5_tiaocan_algebra2005_3407_4_0.05_256_0.001_1_1_0_c481de8f-cfc3-4137-b629-92c31a01538c/
nnc4cf2h,3,0.9079458001706062,0.8656316647398014,1742138746.9728763,94,models/dkt_DKT_LIQUID_A5_tiaocan_algebra2005/algebra2005_dkt_qid_models/dkt_DKT_LIQUID_A5_tiaocan_algebra2005_42_3_0.05_256_1e-05_1_1_0_43bcbd8d-42a4-4cc6-a063-5dbcf9c2a805/
hvawi57s,2,0.9139125619267076,0.8651004970233218,1742137803.8283455,7,models/dkt_DKT_LIQUID_A5_tiaocan_algebra2005/algebra2005_dkt_qid_models/dkt_DKT_LIQUID_A5_tiaocan_algebra2005_42_2_0.05_256_0.001_1_1_0_4e06b496-4fc9-4cd2-9e4a-93199ac8159a/
u65x1ft1,0,0.9150947742177238,0.8609784260103313,1742137837.679268,10,models/dkt_DKT_LIQUID_A5_tiaocan_algebra2005/algebra2005_dkt_qid_models/dkt_DKT_LIQUID_A5_tiaocan_algebra2005_42_0_0.05_256_0.001_1_1_0_06cc9106-eb9e-4b24-9313-81c1e6ce8c0b/
gzool0ni,1,0.9099853392980424,0.8554843435268266,1742138104.650399,72,models/dkt_DKT_LIQUID_A5_tiaocan_algebra2005/algebra2005_dkt_qid_models/dkt_DKT_LIQUID_A5_tiaocan_algebra2005_42_1_0.1_64_0.0001_1_1_0_4861e793-3c59-4686-aa7c-3094fec7f3d1/
bpf1sdyn,4,0.9152239950712496,0.8718386536090842,1742137728.2779384,9,models/dkt_DKT_LIQUID_A5_tiaocan_algebra2005/algebra2005_dkt_qid_models/dkt_DKT_LIQUID_A5_tiaocan_algebra2005_42_4_0.05_256_0.001_1_1_0_9f1d8591-49d0-46ea-ad75-8c3e7768b1fb/
2zcybpz5,1,0.9150335052441638,0.8604284929500091,1742137584.7626915,22,models/dkt_DKT_LIQUID_A5_tiaocan_algebra2005/algebra2005_dkt_qid_models/dkt_DKT_LIQUID_A5_tiaocan_algebra2005_3407_1_0.1_64_0.001_1_1_0_bf8f8062-ef55-4ec3-8508-7697b3176af9/
wggbfaql,1,0.9156089431940546,0.8598608313495697,1742137361.0073493,32,models/dkt_DKT_LIQUID_A5_tiaocan_algebra2005/algebra2005_dkt_qid_models/dkt_DKT_LIQUID_A5_tiaocan_algebra2005_42_1_0.1_64_0.001_1_1_0_0f403ca5-ef5d-41a7-a12c-2dbc4386af86/
shv8gmh5,3,0.9178133745845092,0.8713907180146346,1742137695.0895083,52,models/dkt_DKT_LIQUID_A5_tiaocan_algebra2005/algebra2005_dkt_qid_models/dkt_DKT_LIQUID_A5_tiaocan_algebra2005_3407_3_0.05_256_0.0001_1_1_0_80318bce-96a7-4812-a0d5-19767d466321/
l9xdhvrk,3,0.9171513661413808,0.8710460365218765,1742137060.08399,46,models/dkt_DKT_LIQUID_A5_tiaocan_algebra2005/algebra2005_dkt_qid_models/dkt_DKT_LIQUID_A5_tiaocan_algebra2005_42_3_0.05_256_0.0001_1_1_0_df2f1333-f89d-4106-9523-bc858d97669f/
fth2hrhd,2,0.9024551034303344,0.8587511606313835,1742137614.4361403,137,models/dkt_DKT_LIQUID_A5_tiaocan_algebra2005/algebra2005_dkt_qid_models/dkt_DKT_LIQUID_A5_tiaocan_algebra2005_3407_2_0.05_128_1e-05_1_1_0_1295cbce-046b-44ba-9f64-c9740aa565ba/
pcjmnieo,4,0.9013973493894408,0.8644344224010536,1742137514.0792844,127,models/dkt_DKT_LIQUID_A5_tiaocan_algebra2005/algebra2005_dkt_qid_models/dkt_DKT_LIQUID_A5_tiaocan_algebra2005_3407_4_0.05_128_1e-05_1_1_0_e5fb5d77-9dee-4c8c-ba61-ee0de011e108/
k2jmrv2i,3,0.9159216120269248,0.8704500247739823,1742136487.0661638,9,models/dkt_DKT_LIQUID_A5_tiaocan_algebra2005/algebra2005_dkt_qid_models/dkt_DKT_LIQUID_A5_tiaocan_algebra2005_3407_3_0.05_256_0.001_1_1_0_8bba7c40-1808-4256-ae59-f45d8493aca8/
k4gdoqj2,0,0.9021073895240352,0.8526466119720449,1742137612.5909688,145,models/dkt_DKT_LIQUID_A5_tiaocan_algebra2005/algebra2005_dkt_qid_models/dkt_DKT_LIQUID_A5_tiaocan_algebra2005_3407_0_0.05_128_1e-05_1_1_0_7f86fa16-051d-4116-b0d9-23164d0be1c0/
xzq1awld,1,0.9106273568557112,0.8568821339193066,1742137081.1743526,98,models/dkt_DKT_LIQUID_A5_tiaocan_algebra2005/algebra2005_dkt_qid_models/dkt_DKT_LIQUID_A5_tiaocan_algebra2005_3407_1_0.05_256_1e-05_1_1_0_a0afe807-633d-4588-bd0c-0b74be295d7b/
5hqbzegk,3,0.915771983904434,0.8705433760116043,1742136273.7345052,8,models/dkt_DKT_LIQUID_A5_tiaocan_algebra2005/algebra2005_dkt_qid_models/dkt_DKT_LIQUID_A5_tiaocan_algebra2005_42_3_0.05_256_0.001_1_1_0_1efba3eb-47f1-436e-a9b4-a26080383f37/
en184ffr,1,0.9104185254385866,0.8568027833730086,1742136232.36148,99,models/dkt_DKT_LIQUID_A5_tiaocan_algebra2005/algebra2005_dkt_qid_models/dkt_DKT_LIQUID_A5_tiaocan_algebra2005_42_1_0.05_256_1e-05_1_1_0_2b34d8e9-d977-4587-8f66-e56b0301098f/
ikikb87k,4,0.9023021795376052,0.8650393182288038,1742136284.7499492,131,models/dkt_DKT_LIQUID_A5_tiaocan_algebra2005/algebra2005_dkt_qid_models/dkt_DKT_LIQUID_A5_tiaocan_algebra2005_42_4_0.05_128_1e-05_1_1_0_86fd02b9-7990-4f22-b914-9c8b068c5246/
ncrkugi8,2,0.9023103643815126,0.8584439346769348,1742136328.6646512,140,models/dkt_DKT_LIQUID_A5_tiaocan_algebra2005/algebra2005_dkt_qid_models/dkt_DKT_LIQUID_A5_tiaocan_algebra2005_42_2_0.05_128_1e-05_1_1_0_bfd1f7fe-e2b7-458d-98d3-93b12eb87ad1/
68juuzkf,1,0.9188246734890336,0.8626625160227065,1742135377.2853446,44,models/dkt_DKT_LIQUID_A5_tiaocan_algebra2005/algebra2005_dkt_qid_models/dkt_DKT_LIQUID_A5_tiaocan_algebra2005_3407_1_0.05_256_0.0001_1_1_0_aa639c65-b01c-48f6-8c18-2a8d6c5601a4/
k1xmotoi,0,0.9027489148003114,0.853327256153145,1742136264.16821,148,models/dkt_DKT_LIQUID_A5_tiaocan_algebra2005/algebra2005_dkt_qid_models/dkt_DKT_LIQUID_A5_tiaocan_algebra2005_42_0_0.05_128_1e-05_1_1_0_79ff6f51-c322-404b-ae99-8af7a26232a3/
wc9fzc9n,3,0.9026673178089994,0.863534852325523,1742136066.81086,138,models/dkt_DKT_LIQUID_A5_tiaocan_algebra2005/algebra2005_dkt_qid_models/dkt_DKT_LIQUID_A5_tiaocan_algebra2005_3407_3_0.05_128_1e-05_1_1_0_68b05b74-3a0f-4d47-bd47-02c9c46df294/
0mam7qux,1,0.918857891395766,0.8633278398339742,1742134952.7435102,45,models/dkt_DKT_LIQUID_A5_tiaocan_algebra2005/algebra2005_dkt_qid_models/dkt_DKT_LIQUID_A5_tiaocan_algebra2005_42_1_0.05_256_0.0001_1_1_0_b627244b-db67-4cf5-b7e3-993bf7ac6bf0/
w9ixb89k,2,0.9125151117870604,0.8637350483368835,1742135006.6568456,56,models/dkt_DKT_LIQUID_A5_tiaocan_algebra2005/algebra2005_dkt_qid_models/dkt_DKT_LIQUID_A5_tiaocan_algebra2005_3407_2_0.05_128_0.0001_1_1_0_85dde3b4-9eff-4815-8ed9-fcc932a4f2a0/
56obkl3a,4,0.912221756355991,0.8700163092166217,1742135033.7934504,59,models/dkt_DKT_LIQUID_A5_tiaocan_algebra2005/algebra2005_dkt_qid_models/dkt_DKT_LIQUID_A5_tiaocan_algebra2005_3407_4_0.05_128_0.0001_1_1_0_9b5f9f59-6af7-4028-a1fc-65fb1e4f75b8/
hvy4wezv,1,0.918307830479444,0.8619971922114387,1742134510.4762175,10,models/dkt_DKT_LIQUID_A5_tiaocan_algebra2005/algebra2005_dkt_qid_models/dkt_DKT_LIQUID_A5_tiaocan_algebra2005_3407_1_0.05_256_0.001_1_1_0_ad555090-47b2-481f-a225-4ac6b59c0f54/
l3x26btz,0,0.9120658129041236,0.8585961713764814,1742134912.1721942,57,models/dkt_DKT_LIQUID_A5_tiaocan_algebra2005/algebra2005_dkt_qid_models/dkt_DKT_LIQUID_A5_tiaocan_algebra2005_3407_0_0.05_128_0.0001_1_1_0_094df6bc-f62b-423d-a929-ac650ef63cb3/
ewbey2mx,1,0.917441030543414,0.8622108282976256,1742134332.3606448,9,models/dkt_DKT_LIQUID_A5_tiaocan_algebra2005/algebra2005_dkt_qid_models/dkt_DKT_LIQUID_A5_tiaocan_algebra2005_42_1_0.05_256_0.001_1_1_0_01421c68-0272-4968-839c-42fb5ebb3411/
5sccjhop,4,0.9124204065883974,0.8705140083154034,1742134420.916195,54,models/dkt_DKT_LIQUID_A5_tiaocan_algebra2005/algebra2005_dkt_qid_models/dkt_DKT_LIQUID_A5_tiaocan_algebra2005_42_4_0.05_128_0.0001_1_1_0_7b0905b4-be90-4f03-9999-7b90ef64428e/
i9b3x4tm,2,0.9133422937713868,0.8644792178709924,1742134422.618661,59,models/dkt_DKT_LIQUID_A5_tiaocan_algebra2005/algebra2005_dkt_qid_models/dkt_DKT_LIQUID_A5_tiaocan_algebra2005_42_2_0.05_128_0.0001_1_1_0_59a383da-d2df-4644-af5f-249f6291db0d/
ncvfhfdf,0,0.9118612614762164,0.8587420237010027,1742134320.7145095,51,models/dkt_DKT_LIQUID_A5_tiaocan_algebra2005/algebra2005_dkt_qid_models/dkt_DKT_LIQUID_A5_tiaocan_algebra2005_42_0_0.05_128_0.0001_1_1_0_6cbe8b8c-b58d-43da-ac99-52b2bbd0a2a7/
4a74em7t,4,0.9147815256918472,0.8713868959655745,1742133828.9757698,14,models/dkt_DKT_LIQUID_A5_tiaocan_algebra2005/algebra2005_dkt_qid_models/dkt_DKT_LIQUID_A5_tiaocan_algebra2005_3407_4_0.05_128_0.001_1_1_0_517fc420-fea0-44b4-b71b-7bbe9eca5574/
nqk6b8qd,2,0.9156046454149064,0.8654213774646349,1742133801.1766465,20,models/dkt_DKT_LIQUID_A5_tiaocan_algebra2005/algebra2005_dkt_qid_models/dkt_DKT_LIQUID_A5_tiaocan_algebra2005_3407_2_0.05_128_0.001_1_1_0_eda6c8b7-26b0-4463-8c3a-6596ae1ff425/
qq3nvssa,0,0.9150243339904298,0.8609419629292009,1742133767.4265056,15,models/dkt_DKT_LIQUID_A5_tiaocan_algebra2005/algebra2005_dkt_qid_models/dkt_DKT_LIQUID_A5_tiaocan_algebra2005_3407_0_0.05_128_0.001_1_1_0_4e8c4265-b8b3-4d03-b1b4-3f34d7df4ebf/
fryr9922,3,0.9036213530153911,0.8634845862744958,1742134753.2128146,148,models/dkt_DKT_LIQUID_A5_tiaocan_algebra2005/algebra2005_dkt_qid_models/dkt_DKT_LIQUID_A5_tiaocan_algebra2005_42_3_0.05_128_1e-05_1_1_0_8e6a6dee-a599-4670-9274-9045c4b358a5/
8f46rpsd,4,0.9146736291943226,0.8720300763393849,1742133599.5951247,15,models/dkt_DKT_LIQUID_A5_tiaocan_algebra2005/algebra2005_dkt_qid_models/dkt_DKT_LIQUID_A5_tiaocan_algebra2005_42_4_0.05_128_0.001_1_1_0_d20f3c2c-ab3f-405b-b6bb-4cd32d9c182a/
imb26vsb,0,0.9141458016019528,0.8603524764509267,1742133530.9862988,13,models/dkt_DKT_LIQUID_A5_tiaocan_algebra2005/algebra2005_dkt_qid_models/dkt_DKT_LIQUID_A5_tiaocan_algebra2005_42_0_0.05_128_0.001_1_1_0_de1de0dc-a77a-4708-9866-5f526ba672af/
9wj3e0y6,2,0.915060984145914,0.8655647495767109,1742133536.608474,16,models/dkt_DKT_LIQUID_A5_tiaocan_algebra2005/algebra2005_dkt_qid_models/dkt_DKT_LIQUID_A5_tiaocan_algebra2005_42_2_0.05_128_0.001_1_1_0_31b9b2d6-1a43-452b-b20f-714e1f45a122/
v4tn366c,1,0.9043596228682808,0.8537996703900385,1742134166.1791782,143,models/dkt_DKT_LIQUID_A5_tiaocan_algebra2005/algebra2005_dkt_qid_models/dkt_DKT_LIQUID_A5_tiaocan_algebra2005_3407_1_0.05_128_1e-05_1_1_0_cd5b6300-ee65-4f97-86d2-e1ad87d0484b/
x19zq448,3,0.9130869435485954,0.8687050747168944,1742133380.7638953,59,models/dkt_DKT_LIQUID_A5_tiaocan_algebra2005/algebra2005_dkt_qid_models/dkt_DKT_LIQUID_A5_tiaocan_algebra2005_3407_3_0.05_128_0.0001_1_1_0_40432196-868d-40f2-8208-2175def80ca8/
lk96ep58,3,0.9130935808204416,0.8683819358174337,1742132751.1516042,54,models/dkt_DKT_LIQUID_A5_tiaocan_algebra2005/algebra2005_dkt_qid_models/dkt_DKT_LIQUID_A5_tiaocan_algebra2005_42_3_0.05_128_0.0001_1_1_0_fd63cfce-13ff-4048-80f8-dc00b6104298/
sr9urikp,1,0.9049473210586814,0.8532686321186596,1742133138.6540468,139,models/dkt_DKT_LIQUID_A5_tiaocan_algebra2005/algebra2005_dkt_qid_models/dkt_DKT_LIQUID_A5_tiaocan_algebra2005_42_1_0.05_128_1e-05_1_1_0_fbfb711e-5316-43ee-af5e-44288bcd45cc/
yc2jas2b,3,0.9153996071198172,0.8704859290961446,1742132174.4460244,14,models/dkt_DKT_LIQUID_A5_tiaocan_algebra2005/algebra2005_dkt_qid_models/dkt_DKT_LIQUID_A5_tiaocan_algebra2005_3407_3_0.05_128_0.001_1_1_0_a7ca60a4-6167-4fa4-8af5-0c0ecca624be/
zqz5vcjr,3,0.9160833412498935,0.8708377914533352,1742131943.7158554,19,models/dkt_DKT_LIQUID_A5_tiaocan_algebra2005/algebra2005_dkt_qid_models/dkt_DKT_LIQUID_A5_tiaocan_algebra2005_42_3_0.05_128_0.001_1_1_0_1d6073da-6cb8-4713-8923-fc36302e66a5/
vidi2gyv,1,0.9156921219913872,0.8600134285539889,1742132164.59822,63,models/dkt_DKT_LIQUID_A5_tiaocan_algebra2005/algebra2005_dkt_qid_models/dkt_DKT_LIQUID_A5_tiaocan_algebra2005_3407_1_0.05_128_0.0001_1_1_0_57d79c4f-e5e3-49bc-865c-ae696bcaa77c/
j18k1767,0,0.8911297182451815,0.8461561835308417,1742133317.3631923,193,models/dkt_DKT_LIQUID_A5_tiaocan_algebra2005/algebra2005_dkt_qid_models/dkt_DKT_LIQUID_A5_tiaocan_algebra2005_3407_0_0.05_64_1e-05_1_1_0_8c296721-d031-4929-b544-3bd8642f32d1/
1vcsxy6w,2,0.8920571468582505,0.8541291168277896,1742133304.5156083,196,models/dkt_DKT_LIQUID_A5_tiaocan_algebra2005/algebra2005_dkt_qid_models/dkt_DKT_LIQUID_A5_tiaocan_algebra2005_3407_2_0.05_64_1e-05_1_1_0_54a4aaaa-b370-49d6-901d-3666c4985681/
05v9yvw8,4,0.8933123882563747,0.8602690637897107,1742133361.513489,192,models/dkt_DKT_LIQUID_A5_tiaocan_algebra2005/algebra2005_dkt_qid_models/dkt_DKT_LIQUID_A5_tiaocan_algebra2005_3407_4_0.05_64_1e-05_1_1_0_df50481b-d277-4e65-bb47-a468c4ce1c52/
4mujd3bo,3,0.8926281814236269,0.8586877688336122,1742119674.1387582,193,models/dkt_DKT_LIQUID_A5_tiaocan_algebra2005/algebra2005_dkt_qid_models/dkt_DKT_LIQUID_A5_tiaocan_algebra2005_3407_3_0.05_64_1e-05_1_1_0_1131d03d-1d7f-42e6-ad2c-7ac2e414d032/
x0fiwe7c,1,0.9159400524139258,0.860300311298297,1742118740.9803288,59,models/dkt_DKT_LIQUID_A5_tiaocan_algebra2005/algebra2005_dkt_qid_models/dkt_DKT_LIQUID_A5_tiaocan_algebra2005_42_1_0.05_128_0.0001_1_1_0_44f616c6-ccb0-4cba-b230-417dded041be/
0knwwwsq,1,0.91718795583491,0.860697064029787,1742118382.102804,13,models/dkt_DKT_LIQUID_A5_tiaocan_algebra2005/algebra2005_dkt_qid_models/dkt_DKT_LIQUID_A5_tiaocan_algebra2005_3407_1_0.05_128_0.001_1_1_0_adf5effd-79e9-4c06-9607-49be05780dd6/
ayrxv3gs,1,0.9165691261755218,0.8599707013367515,1742118251.2935383,12,models/dkt_DKT_LIQUID_A5_tiaocan_algebra2005/algebra2005_dkt_qid_models/dkt_DKT_LIQUID_A5_tiaocan_algebra2005_42_1_0.05_128_0.001_1_1_0_e303141a-e2de-45b4-9c8e-d88cb1abb446/
sv5c4xc4,1,0.8941860250541557,0.8474272111334921,1742118121.3706455,192,models/dkt_DKT_LIQUID_A5_tiaocan_algebra2005/algebra2005_dkt_qid_models/dkt_DKT_LIQUID_A5_tiaocan_algebra2005_3407_1_0.05_64_1e-05_1_1_0_f13d30f1-1971-4a36-b6ae-9400494a2cb1/
02scjhdq,4,0.8944391135931733,0.8614252570807268,1742118785.5870292,195,models/dkt_DKT_LIQUID_A5_tiaocan_algebra2005/algebra2005_dkt_qid_models/dkt_DKT_LIQUID_A5_tiaocan_algebra2005_42_4_0.05_64_1e-05_1_1_0_c24a1d76-1662-44dd-9f32-508a69948ebe/
jxco0jb5,2,0.8940367873576985,0.8555833196788465,1742118682.9661489,200,models/dkt_DKT_LIQUID_A5_tiaocan_algebra2005/algebra2005_dkt_qid_models/dkt_DKT_LIQUID_A5_tiaocan_algebra2005_42_2_0.05_64_1e-05_1_1_0_a29c09a6-f94f-4c56-9507-33c87c23244b/
0vl6a9pm,0,0.8916017045470067,0.8480583409298086,1742118693.0194447,191,models/dkt_DKT_LIQUID_A5_tiaocan_algebra2005/algebra2005_dkt_qid_models/dkt_DKT_LIQUID_A5_tiaocan_algebra2005_42_0_0.05_64_1e-05_1_1_0_e4099f39-b514-44fb-a84b-b94f8a579841/
on0yepc3,3,0.8938569656833463,0.859822345413941,1742118606.1985846,196,models/dkt_DKT_LIQUID_A5_tiaocan_algebra2005/algebra2005_dkt_qid_models/dkt_DKT_LIQUID_A5_tiaocan_algebra2005_42_3_0.05_64_1e-05_1_1_0_044a3e64-b414-4f9d-bb3f-b7392bd85b74/
8z9p4re7,4,0.9086528677320296,0.8674359308121684,1742117115.129217,79,models/dkt_DKT_LIQUID_A5_tiaocan_algebra2005/algebra2005_dkt_qid_models/dkt_DKT_LIQUID_A5_tiaocan_algebra2005_3407_4_0.05_64_0.0001_1_1_0_5c23296c-6418-4605-b506-4f2c0ac6f866/
5ozpmjwv,0,0.9087797922166216,0.8562625341841386,1742117051.5547843,84,models/dkt_DKT_LIQUID_A5_tiaocan_algebra2005/algebra2005_dkt_qid_models/dkt_DKT_LIQUID_A5_tiaocan_algebra2005_3407_0_0.05_64_0.0001_1_1_0_aec3e955-417c-4e88-b7bd-1bd2ca34e3ef/
oovfhy8e,2,0.9093738381656584,0.8623764268938773,1742117054.8668752,88,models/dkt_DKT_LIQUID_A5_tiaocan_algebra2005/algebra2005_dkt_qid_models/dkt_DKT_LIQUID_A5_tiaocan_algebra2005_3407_2_0.05_64_0.0001_1_1_0_528a499c-40b9-4672-b489-cd641962edd0/
lpz5n464,3,0.9095560359295808,0.8663353894541825,1742116963.9268298,79,models/dkt_DKT_LIQUID_A5_tiaocan_algebra2005/algebra2005_dkt_qid_models/dkt_DKT_LIQUID_A5_tiaocan_algebra2005_3407_3_0.05_64_0.0001_1_1_0_14cf0b27-2287-48e0-8257-76b3ebdb8226/
qk9okgd0,1,0.8969049807000682,0.8493072086919368,1742117151.6095386,198,models/dkt_DKT_LIQUID_A5_tiaocan_algebra2005/algebra2005_dkt_qid_models/dkt_DKT_LIQUID_A5_tiaocan_algebra2005_42_1_0.05_64_1e-05_1_1_0_9f4614b0-c106-4bda-998f-0ef9a94cac0a/
9p6idua4,1,0.911198142083162,0.8569370689128976,1742116181.80589,82,models/dkt_DKT_LIQUID_A5_tiaocan_algebra2005/algebra2005_dkt_qid_models/dkt_DKT_LIQUID_A5_tiaocan_algebra2005_3407_1_0.05_64_0.0001_1_1_0_07e6ab07-949a-406c-87d3-7271ea9bcdef/
ntjhg00d,4,0.9077278922542396,0.8671679389897474,1742116347.8926945,74,models/dkt_DKT_LIQUID_A5_tiaocan_algebra2005/algebra2005_dkt_qid_models/dkt_DKT_LIQUID_A5_tiaocan_algebra2005_42_4_0.05_64_0.0001_1_1_0_7a70b7a4-1002-4728-bb5e-f92781712bf7/
ap04edc9,2,0.9072587380690222,0.8606969250095582,1742116231.8202648,67,models/dkt_DKT_LIQUID_A5_tiaocan_algebra2005/algebra2005_dkt_qid_models/dkt_DKT_LIQUID_A5_tiaocan_algebra2005_42_2_0.05_64_0.0001_1_1_0_ed00379a-3ba7-4898-b10c-2a440029a153/
vs67wmzf,0,0.9077095544425088,0.8558128228501976,1742116263.1022768,74,models/dkt_DKT_LIQUID_A5_tiaocan_algebra2005/algebra2005_dkt_qid_models/dkt_DKT_LIQUID_A5_tiaocan_algebra2005_42_0_0.05_64_0.0001_1_1_0_bac003be-43fd-49ae-bffd-81c7c0f676d8/
oo4961d3,3,0.908241636050762,0.865610122146504,1742116210.73572,70,models/dkt_DKT_LIQUID_A5_tiaocan_algebra2005/algebra2005_dkt_qid_models/dkt_DKT_LIQUID_A5_tiaocan_algebra2005_42_3_0.05_64_0.0001_1_1_0_93d98797-9d28-4ab8-aaad-492d30bf9b17/
0ivk0yon,4,0.9135286503679309,0.8710882765063055,1742115642.8758168,27,models/dkt_DKT_LIQUID_A5_tiaocan_algebra2005/algebra2005_dkt_qid_models/dkt_DKT_LIQUID_A5_tiaocan_algebra2005_3407_4_0.05_64_0.001_1_1_0_d1e20040-df53-429d-8b8c-227740e9b7db/
26qolx50,2,0.9132575221715048,0.8645133540881533,1742115596.3717842,24,models/dkt_DKT_LIQUID_A5_tiaocan_algebra2005/algebra2005_dkt_qid_models/dkt_DKT_LIQUID_A5_tiaocan_algebra2005_3407_2_0.05_64_0.001_1_1_0_aab255f7-e09d-4319-accc-80142628eb91/
tk4qzx06,1,0.9100882704634552,0.8556064212903619,1742115724.0343766,73,models/dkt_DKT_LIQUID_A5_tiaocan_algebra2005/algebra2005_dkt_qid_models/dkt_DKT_LIQUID_A5_tiaocan_algebra2005_42_1_0.05_64_0.0001_1_1_0_04b16692-b05d-4a43-a6cd-9ba7c6c1bb5b/
7qsya1n9,3,0.914254599387906,0.8689133197854357,1742115548.7311757,26,models/dkt_DKT_LIQUID_A5_tiaocan_algebra2005/algebra2005_dkt_qid_models/dkt_DKT_LIQUID_A5_tiaocan_algebra2005_3407_3_0.05_64_0.001_1_1_0_f3e311ba-91eb-4b27-af70-076cc6b405b4/
23026p4i,0,0.913293323963444,0.8596414463688848,1742115568.033629,29,models/dkt_DKT_LIQUID_A5_tiaocan_algebra2005/algebra2005_dkt_qid_models/dkt_DKT_LIQUID_A5_tiaocan_algebra2005_3407_0_0.05_64_0.001_1_1_0_f1ae0d89-db0b-401e-a00c-02e1d4146743/
mecu715a,1,0.9147854239263574,0.8600805713239333,1742115284.7232218,22,models/dkt_DKT_LIQUID_A5_tiaocan_algebra2005/algebra2005_dkt_qid_models/dkt_DKT_LIQUID_A5_tiaocan_algebra2005_3407_1_0.05_64_0.001_1_1_0_d66c6076-4031-4272-bd20-73ed446abb12/
j01vgoj4,2,0.9134038087112742,0.8645201813315856,1742115299.813763,34,models/dkt_DKT_LIQUID_A5_tiaocan_algebra2005/algebra2005_dkt_qid_models/dkt_DKT_LIQUID_A5_tiaocan_algebra2005_42_2_0.05_64_0.001_1_1_0_692583ab-b502-4e75-a027-9911e935109f/
v65dw6e5,1,0.914630019464135,0.8592809619727767,1742115112.8198488,24,models/dkt_DKT_LIQUID_A5_tiaocan_algebra2005/algebra2005_dkt_qid_models/dkt_DKT_LIQUID_A5_tiaocan_algebra2005_42_1_0.05_64_0.001_1_1_0_ff0ee7f4-952a-4412-9bcf-342276a47c9f/
efkhxgux,4,0.9141482743399436,0.8710423350510333,1742115314.4190738,36,models/dkt_DKT_LIQUID_A5_tiaocan_algebra2005/algebra2005_dkt_qid_models/dkt_DKT_LIQUID_A5_tiaocan_algebra2005_42_4_0.05_64_0.001_1_1_0_d41779ec-629a-4828-bbe1-bf35d33e6dc8/
9wni6uvm,3,0.9130145745091744,0.869229277820464,1742115238.7998092,26,models/dkt_DKT_LIQUID_A5_tiaocan_algebra2005/algebra2005_dkt_qid_models/dkt_DKT_LIQUID_A5_tiaocan_algebra2005_42_3_0.05_64_0.001_1_1_0_f0777379-55ae-489d-b123-a8a4830f0487/
82u0view,0,0.912383051238286,0.8588210270434519,1742115234.3308897,26,models/dkt_DKT_LIQUID_A5_tiaocan_algebra2005/algebra2005_dkt_qid_models/dkt_DKT_LIQUID_A5_tiaocan_algebra2005_42_0_0.05_64_0.001_1_1_0_5c576fd2-d29e-479f-ad50-1dd2c8d5b7f3/
w561h6o5,1,N/A,N/A,N/A,N/A,N/A
9zuckey7,1,N/A,N/A,N/A,N/A,N/A
yl4np2a8,1,N/A,N/A,N/A,N/A,N/A
cp2v2n1t,1,N/A,N/A,N/A,N/A,N/A
b02t21nj,1,N/A,N/A,N/A,N/A,N/A
th6k3jph,4,N/A,N/A,N/A,N/A,N/A
v9kdgtmk,4,N/A,N/A,N/A,N/A,N/A
8fnhroug,4,N/A,N/A,N/A,N/A,N/A
1ui5ejmt,4,N/A,N/A,N/A,N/A,N/A
2n901xp3,4,N/A,N/A,N/A,N/A,N/A
yvqm1beo,4,N/A,N/A,N/A,N/A,N/A
2nbrumia,4,N/A,N/A,N/A,N/A,N/A
jl6eqzki,4,N/A,N/A,N/A,N/A,N/A
h3684jud,4,N/A,N/A,N/A,N/A,N/A
4t2412cu,4,N/A,N/A,N/A,N/A,N/A
yspmki8u,2,N/A,N/A,N/A,N/A,N/A
cioevvl4,1,N/A,N/A,N/A,N/A,N/A
d8rrhbkq,3,N/A,N/A,N/A,N/A,N/A
umkoey09,0,N/A,N/A,N/A,N/A,N/A
c2jpd8r8,4,N/A,N/A,N/A,N/A,N/A
tsb4us75,2,N/A,N/A,N/A,N/A,N/A
q6kst5yo,3,N/A,N/A,N/A,N/A,N/A
m9na9z5m,0,N/A,N/A,N/A,N/A,N/A
sylz8jip,4,N/A,N/A,N/A,N/A,N/A
i7w94w9x,2,N/A,N/A,N/A,N/A,N/A
u5txzr7z,0,N/A,N/A,N/A,N/A,N/A
o62u4zwi,3,N/A,N/A,N/A,N/A,N/A
s10pzeop,1,N/A,N/A,N/A,N/A,N/A
21ivzlhg,1,N/A,N/A,N/A,N/A,N/A
ob7szmpu,1,N/A,N/A,N/A,N/A,N/A
q63rx8bc,4,N/A,N/A,N/A,N/A,N/A
zsuw30av,3,N/A,N/A,N/A,N/A,N/A
ua9ojn71,2,N/A,N/A,N/A,N/A,N/A
s8d6lw5p,0,N/A,N/A,N/A,N/A,N/A
zf7zhad1,1,N/A,N/A,N/A,N/A,N/A
zcosdplp,4,N/A,N/A,N/A,N/A,N/A
lzwdl5hu,0,N/A,N/A,N/A,N/A,N/A
ykugpxeu,2,N/A,N/A,N/A,N/A,N/A
4e0gfgbu,3,N/A,N/A,N/A,N/A,N/A
uii5mlhz,1,N/A,N/A,N/A,N/A,N/A
8cy3hoer,4,N/A,N/A,N/A,N/A,N/A
fodtl4bi,0,N/A,N/A,N/A,N/A,N/A
ene254tw,3,N/A,N/A,N/A,N/A,N/A
iutcr5v7,2,N/A,N/A,N/A,N/A,N/A
o4bygo7n,1,N/A,N/A,N/A,N/A,N/A
xhofv19d,4,N/A,N/A,N/A,N/A,N/A
dgwe1fdh,2,N/A,N/A,N/A,N/A,N/A
68f4d8fl,0,N/A,N/A,N/A,N/A,N/A
95sa3b7h,3,N/A,N/A,N/A,N/A,N/A
ckm51mv2,1,N/A,N/A,N/A,N/A,N/A
veww025g,4,N/A,N/A,N/A,N/A,N/A
tgjkpniy,2,N/A,N/A,N/A,N/A,N/A
5avgloq3,3,N/A,N/A,N/A,N/A,N/A
p05zo26k,0,0.913293323963444,0.8596414463688848,1742114014.340767,29,models/dkt_DKT_LIQUID_A5_tiaocan_algebra2005/algebra2005_dkt_qid_models/dkt_DKT_LIQUID_A5_tiaocan_algebra2005_3407_0_0.05_64_0.001_1_1_0_fe16a20e-36db-47a7-9100-336adf4fc2ad/
8zgry3ro,1,N/A,N/A,N/A,N/A,N/A
p7zodi93,1,N/A,N/A,N/A,N/A,N/A
f0vdsyzx,0,N/A,N/A,N/A,N/A,N/A
59mebzox,2,N/A,N/A,N/A,N/A,N/A
2czcrnwg,3,N/A,N/A,N/A,N/A,N/A
0ri1h7od,4,0.9141482743399436,0.8710423350510333,1742114004.70731,36,models/dkt_DKT_LIQUID_A5_tiaocan_algebra2005/algebra2005_dkt_qid_models/dkt_DKT_LIQUID_A5_tiaocan_algebra2005_42_4_0.05_64_0.001_1_1_0_9b916f83-b5b7-4555-8582-fa5591a64d30/
